{
  "label": "accept-prose-low",
  "hw": "GB10 sm_121a",
  "windows": {
    "n_tokens": 103,
    "skip": 8,
    "steady_tokens": 95,
    "wall_ms": 5254.46496
  },
  "throughput": {
    "prefill_tps": 55.45,
    "decode_tps": 17.49,
    "kvcache_mb": null,
    "accept_pct": 43.56435643564357,
    "tokens_per_iter": 1.8627450980392157,
    "iters": 51
  },
  "verdict_metrics": {
    "sms_active": 89.77848925203476,
    "sm_issue": 8.361207836330346,
    "tensor_active": 0.8830689118677434,
    "compute_warps": 38.64998994528116
  },
  "time_split": {
    "wall_ms": 5254.46496,
    "kernel_ms": 4821.966752,
    "idle_ms": 432.498208,
    "kernel_pct": 91.7689391537973,
    "idle_pct": 8.231060846202693,
    "trace_decode_tps": 18.079861741051555
  },
  "kernels": [
    {
      "kernel": "matmul_q8_0_preq_batch_share_warp_kernel<3>",
      "pct_time": 26.341419618315943,
      "ms": 1270.174496,
      "calls": 14194,
      "avg_us": 89.4867194589263,
      "regs": 48,
      "smem": 0,
      "occ_theory": 0.625,
      "sm_issue": 6.632443771122247,
      "warps": 57.664297090471194,
      "class": "i8-dp4a",
      "ai": 1.8823529411764706,
      "bw_gbps": 199.20041887536055,
      "pct_peak_bw": 84.4069571505765,
      "headroom": 1.184736464573726,
      "stall": null,
      "stalls": null,
      "ncu_occ": null
    },
    {
      "kernel": "moe_down_expert_tile8_row32_kernel",
      "pct_time": 16.771466946854634,
      "ms": 808.71456,
      "calls": 2064,
      "avg_us": 391.8190697674418,
      "regs": 128,
      "smem": 18688,
      "occ_theory": 0.25,
      "sm_issue": 7.418659420289855,
      "warps": 30.845108695652176,
      "class": "i8-dp4a",
      "ai": 6.153846379567894,
      "bw_gbps": 41.74831258138841,
      "pct_peak_bw": 17.68996295821543,
      "headroom": 5.652923086170669,
      "stall": null,
      "stalls": null,
      "ncu_occ": null
    },
    {
      "kernel": "moe_gate_up_mid_expert_tile8_row32_kernel",
      "pct_time": 16.655679503946942,
      "ms": 803.131328,
      "calls": 2064,
      "avg_us": 389.114015503876,
      "regs": 96,
      "smem": 39552,
      "occ_theory": 0.25,
      "sm_issue": 19.456097709181503,
      "warps": 30.617548763444127,
      "class": "i8-dp4a",
      "ai": 6.153846191466442,
      "bw_gbps": 84.07708202860691,
      "pct_peak_bw": 35.6258822155114,
      "headroom": 2.806948032755251,
      "stall": null,
      "stalls": null,
      "ncu_occ": null
    },
    {
      "kernel": "cutlass::Kernel2<cutlass_80_wmma_tensorop_s161616gemm_f16_32x32_128x2_tn_align8>",
      "pct_time": 13.685336335558375,
      "ms": 659.902368,
      "calls": 2064,
      "avg_us": 319.72013953488374,
      "regs": null,
      "smem": null,
      "occ_theory": NaN,
      "sm_issue": 3.289832402234637,
      "warps": 18.34994413407821,
      "class": "f16-tc",
      "ai": NaN,
      "bw_gbps": NaN,
      "pct_peak_bw": NaN,
      "headroom": NaN,
      "stall": null,
      "stalls": null,
      "ncu_occ": null
    },
    {
      "kernel": "cutlass::Kernel2<cutlass_80_wmma_tensorop_s161616gemm_f16_16x16_128x2_tn_align8>",
      "pct_time": 5.9809885640621685,
      "ms": 288.40128,
      "calls": 13152,
      "avg_us": 21.92832116788321,
      "regs": null,
      "smem": null,
      "occ_theory": NaN,
      "sm_issue": 1.9594158600781117,
      "warps": 6.0,
      "class": "f16-tc",
      "ai": NaN,
      "bw_gbps": NaN,
      "pct_peak_bw": NaN,
      "headroom": NaN,
      "stall": null,
      "stalls": null,
      "ncu_occ": null
    },
    {
      "kernel": "matmul_q8_0_preq_warp8_kernel",
      "pct_time": 5.319612622662895,
      "ms": 256.509952,
      "calls": 285,
      "avg_us": 900.0349192982455,
      "regs": 40,
      "smem": 0,
      "occ_theory": 0.75,
      "sm_issue": 5.428489811464483,
      "warps": 73.18720243763093,
      "class": "unknown",
      "ai": NaN,
      "bw_gbps": NaN,
      "pct_peak_bw": NaN,
      "headroom": NaN,
      "stall": null,
      "stalls": null,
      "ncu_occ": null
    },
    {
      "kernel": "attention_decode_mixed_kernel",
      "pct_time": 3.932357930949085,
      "ms": 189.616992,
      "calls": 2159,
      "avg_us": 87.82630477072719,
      "regs": 40,
      "smem": 34832,
      "occ_theory": 0.75,
      "sm_issue": 10.325897435897437,
      "warps": 26.976923076923075,
      "class": "unknown",
      "ai": NaN,
      "bw_gbps": NaN,
      "pct_peak_bw": NaN,
      "headroom": NaN,
      "stall": null,
      "stalls": null,
      "ncu_occ": null
    },
    {
      "kernel": "rms_norm_plain_kernel",
      "pct_time": 1.5287843278766764,
      "ms": 73.717472,
      "calls": 4461,
      "avg_us": 16.524876036763057,
      "regs": 16,
      "smem": 1024,
      "occ_theory": 1.0,
      "sm_issue": 1.0073431241655542,
      "warps": 1.8678237650200267,
      "class": "f32",
      "ai": 0.5,
      "bw_gbps": 1.9829498222619462,
      "pct_peak_bw": 0.8402329755347229,
      "headroom": 119.01461012805424,
      "stall": null,
      "stalls": null,
      "ncu_occ": null
    },
    {
      "kernel": "rms_norm_weight_kernel",
      "pct_time": 1.0749200619954835,
      "ms": 51.832288,
      "calls": 5867,
      "avg_us": 8.834547128004091,
      "regs": 18,
      "smem": 1024,
      "occ_theory": 1.0,
      "sm_issue": 2.671013039117352,
      "warps": 15.878635907723169,
      "class": "f32",
      "ai": 0.5,
      "bw_gbps": 3.7090752389707355,
      "pct_peak_bw": 1.5716420504113284,
      "headroom": 63.62771979397478,
      "stall": null,
      "stalls": null,
      "ncu_occ": null
    },
    {
      "kernel": "moe_build_expert_tile_offsets_kernel",
      "pct_time": 0.6917250515293474,
      "ms": 33.354752,
      "calls": 2064,
      "avg_us": 16.160248062015505,
      "regs": 14,
      "smem": 0,
      "occ_theory": 1.0,
      "sm_issue": 10.939117199391172,
      "warps": 24.036529680365298,
      "class": "unknown",
      "ai": NaN,
      "bw_gbps": NaN,
      "pct_peak_bw": NaN,
      "headroom": NaN,
      "stall": null,
      "stalls": null,
      "ncu_occ": null
    },
    {
      "kernel": "moe_gate_up_mid_decode_q4K_qwarp32_kernel",
      "pct_time": 0.6510073920974228,
      "ms": 31.39136,
      "calls": 95,
      "avg_us": 330.43536842105266,
      "regs": 96,
      "smem": 0,
      "occ_theory": 0.25,
      "sm_issue": 2.5015625,
      "warps": 26.0015625,
      "class": "i8-dp4a",
      "ai": 6.153846191466442,
      "bw_gbps": 99.00747355323249,
      "pct_peak_bw": 41.952319302217155,
      "headroom": 2.383658440421793,
      "stall": null,
      "stalls": null,
      "ncu_occ": null
    },
    {
      "kernel": "matmul_q8_0_preq_batch_share_warp_kernel<2>",
      "pct_time": 0.5500022991448449,
      "ms": 26.520928,
      "calls": 302,
      "avg_us": 87.81764238410595,
      "regs": 48,
      "smem": 0,
      "occ_theory": 0.625,
      "sm_issue": 5.497227356746765,
      "warps": 57.51016635859519,
      "class": "i8-dp4a",
      "ai": 1.8823529411764706,
      "bw_gbps": 202.9864559792176,
      "pct_peak_bw": 86.01121016068542,
      "headroom": 1.1626391468412178,
      "stall": null,
      "stalls": null,
      "ncu_occ": null
    }
  ],
  "gaps": [
    {
      "us": 1688.736,
      "prev": "argmax_kernel",
      "next": "embed_token_hc_kernel"
    },
    {
      "us": 1610.464,
      "prev": "argmax_kernel",
      "next": "rms_norm_plain_kernel"
    },
    {
      "us": 1564.896,
      "prev": "argmax_kernel",
      "next": "rms_norm_plain_kernel"
    },
    {
      "us": 1496.448,
      "prev": "argmax_kernel",
      "next": "rms_norm_plain_kernel"
    },
    {
      "us": 1310.08,
      "prev": "argmax_kernel",
      "next": "rms_norm_plain_kernel"
    },
    {
      "us": 956.48,
      "prev": "argmax_kernel",
      "next": "rms_norm_plain_kernel"
    }
  ],
  "peak_bw_gbps": 236.0,
  "has_ncu": false,