{
  "label": "accept-code-high",
  "hw": "GB10 sm_121a",
  "windows": {
    "n_tokens": 83,
    "skip": 8,
    "steady_tokens": 75,
    "wall_ms": 4175.52912
  },
  "throughput": {
    "prefill_tps": 67.21,
    "decode_tps": 21.68,
    "kvcache_mb": null,
    "accept_pct": 68.75,
    "tokens_per_iter": 2.375,
    "iters": 40
  },
  "verdict_metrics": {
    "sms_active": 89.83578841202856,
    "sm_issue": 8.396780529235343,
    "tensor_active": 0.8534384372428803,
    "compute_warps": 38.554914138599145
  },
  "time_split": {
    "wall_ms": 4175.52912,
    "kernel_ms": 3853.316448,
    "idle_ms": 322.212672,
    "kernel_pct": 92.28330918693246,
    "idle_pct": 7.716690813067542,
    "trace_decode_tps": 17.961795462223957
  },
  "kernels": [
    {
      "kernel": "matmul_q8_0_preq_batch_share_warp_kernel<3>",
      "pct_time": 25.99720789918368,
      "ms": 1001.754688,
      "calls": 11174,
      "avg_us": 89.65050008949346,
      "regs": 48,
      "smem": 0,
      "occ_theory": 0.625,
      "sm_issue": 6.6278002565873875,
      "warps": 57.46175861048061,
      "class": "i8-dp4a",
      "ai": 1.8823529411764706,
      "bw_gbps": 198.83650378085375,
      "pct_peak_bw": 84.2527558393448,
      "headroom": 1.18690479621441,
      "stall": null,
      "stalls": null,
      "ncu_occ": null
    },
    {
      "kernel": "moe_down_expert_tile8_row32_kernel",
      "pct_time": 16.985238996908876,
      "ms": 654.495008,
      "calls": 1591,
      "avg_us": 411.3733551225644,
      "regs": 128,
      "smem": 18688,
      "occ_theory": 0.25,
      "sm_issue": 7.324287446937538,
      "warps": 30.85180412371134,
      "class": "i8-dp4a",
      "ai": 6.153846379567894,
      "bw_gbps": 39.76384176638364,
      "pct_peak_bw": 16.84908549423036,
      "headroom": 5.935040215342432,
      "stall": null,
      "stalls": null,
      "ncu_occ": null
    },
    {
      "kernel": "moe_gate_up_mid_expert_tile8_row32_kernel",
      "pct_time": 16.83261493710573,
      "ms": 648.61392,
      "calls": 1591,
      "avg_us": 407.6768824638592,
      "regs": 96,
      "smem": 39552,
      "occ_theory": 0.25,
      "sm_issue": 19.383686712442465,
      "warps": 30.67048970044518,
      "class": "i8-dp4a",
      "ai": 6.153846191466442,
      "bw_gbps": 80.24877643853218,
      "pct_peak_bw": 34.003718829886516,
      "headroom": 2.940854807683803,
      "stall": null,
      "stalls": null,
      "ncu_occ": null
    },
    {
      "kernel": "cutlass::Kernel2<cutlass_80_wmma_tensorop_s161616gemm_f16_32x32_128x2_tn_align8>",
      "pct_time": 13.201865739940391,
      "ms": 508.709664,
      "calls": 1591,
      "avg_us": 319.7420892520428,
      "regs": null,
      "smem": null,
      "occ_theory": NaN,
      "sm_issue": 3.24451231150983,
      "warps": 18.093529299484633,
      "class": "f16-tc",
      "ai": NaN,
      "bw_gbps": NaN,
      "pct_peak_bw": NaN,
      "headroom": NaN,
      "stall": null,
      "stalls": null,
      "ncu_occ": null
    },
    {
      "kernel": "cutlass::Kernel2<cutlass_80_wmma_tensorop_s161616gemm_f16_16x16_128x2_tn_align8>",
      "pct_time": 5.793113828371461,
      "ms": 223.227008,
      "calls": 10138,
      "avg_us": 22.01884079700138,
      "regs": null,
      "smem": null,
      "occ_theory": NaN,
      "sm_issue": 1.9456965013951493,
      "warps": 6.008585533376261,
      "class": "f16-tc",
      "ai": NaN,
      "bw_gbps": NaN,
      "pct_peak_bw": NaN,
      "headroom": NaN,
      "stall": null,
      "stalls": null,
      "ncu_occ": null
    },
    {
      "kernel": "matmul_q8_0_preq_warp8_kernel",
      "pct_time": 5.49690519474304,
      "ms": 211.813152,
      "calls": 266,
      "avg_us": 796.290045112782,
      "regs": 40,
      "smem": 0,
      "occ_theory": 0.75,
      "sm_issue": 5.60042583392477,
      "warps": 73.07806955287438,
      "class": "unknown",
      "ai": NaN,
      "bw_gbps": NaN,
      "pct_peak_bw": NaN,
      "headroom": NaN,
      "stall": null,
      "stalls": null,
      "ncu_occ": null
    },
    {
      "kernel": "attention_decode_mixed_kernel",
      "pct_time": 4.0214160993818275,
      "ms": 154.957888,
      "calls": 1708,
      "avg_us": 90.7247587822014,
      "regs": 40,
      "smem": 34832,
      "occ_theory": 0.75,
      "sm_issue": 10.652431421446384,
      "warps": 26.965399002493765,
      "class": "unknown",
      "ai": NaN,
      "bw_gbps": NaN,
      "pct_peak_bw": NaN,
      "headroom": NaN,
      "stall": null,
      "stalls": null,
      "ncu_occ": null
    },
    {
      "kernel": "rms_norm_plain_kernel",
      "pct_time": 1.5144456674532638,
      "ms": 58.356384,
      "calls": 3528,
      "avg_us": 16.54092517006803,
      "regs": 16,
      "smem": 1024,
      "occ_theory": 1.0,
      "sm_issue": 1.0074441687344913,
      "warps": 1.813895781637717,
      "class": "f32",
      "ai": 0.5,
      "bw_gbps": 1.9810258291534992,
      "pct_peak_bw": 0.8394177242175844,
      "headroom": 119.13019836840988,
      "stall": null,
      "stalls": null,
      "ncu_occ": null
    },
    {
      "kernel": "rms_norm_weight_kernel",
      "pct_time": 1.045787558426865,
      "ms": 40.297504,
      "calls": 4616,
      "avg_us": 8.729961871750433,
      "regs": 18,
      "smem": 1024,
      "occ_theory": 1.0,
      "sm_issue": 2.652386780905753,
      "warps": 16.25703794369645,
      "class": "f32",
      "ai": 0.5,
      "bw_gbps": 3.753510093329849,
      "pct_peak_bw": 1.590470378529597,
      "headroom": 62.874481254061955,
      "stall": null,
      "stalls": null,
      "ncu_occ": null
    },
    {
      "kernel": "moe_build_expert_tile_offsets_kernel",
      "pct_time": 0.6602055227829552,
      "ms": 25.439808,
      "calls": 1591,
      "avg_us": 15.989822752985543,
      "regs": 14,
      "smem": 0,
      "occ_theory": 1.0,
      "sm_issue": 10.981060606060606,
      "warps": 23.873106060606062,
      "class": "unknown",
      "ai": NaN,
      "bw_gbps": NaN,
      "pct_peak_bw": NaN,
      "headroom": NaN,
      "stall": null,
      "stalls": null,
      "ncu_occ": null
    },
    {
      "kernel": "matmul_q8_0_hc_expand_preq_warp8_kernel",
      "pct_time": 0.6307119679364575,
      "ms": 24.303328,
      "calls": 234,
      "avg_us": 103.86037606837607,
      "regs": 40,
      "smem": 0,
      "occ_theory": 0.75,
      "sm_issue": 4.389690721649485,
      "warps": 52.383505154639174,
      "class": "unknown",
      "ai": NaN,
      "bw_gbps": NaN,
      "pct_peak_bw": NaN,
      "headroom": NaN,
      "stall": null,
      "stalls": null,
      "ncu_occ": null
    },
    {
      "kernel": "moe_gate_up_mid_decode_q4K_qwarp32_kernel",
      "pct_time": 0.6282314034333886,
      "ms": 24.207744,
      "calls": 74,
      "avg_us": 327.1316756756757,
      "regs": 96,
      "smem": 0,
      "occ_theory": 0.25,
      "sm_issue": 2.496993987975952,
      "warps": 26.04008016032064,
      "class": "i8-dp4a",
      "ai": 6.153846191466442,
      "bw_gbps": 100.00734698780688,
      "pct_peak_bw": 42.37599448635885,
      "headroom": 2.3598266238256844,
      "stall": null,
      "stalls": null,
      "ncu_occ": null
    }
  ],
  "gaps": [
    {
      "us": 1314.528,
      "prev": "argmax_kernel",
      "next": "rms_norm_plain_kernel"
    },
    {
      "us": 1237.76,
      "prev": "argmax_kernel",
      "next": "rms_norm_plain_kernel"
    },
    {
      "us": 988.704,
      "prev": "argmax_kernel",
      "next": "rms_norm_plain_kernel"
    },
    {
      "us": 767.552,
      "prev": "argmax_kernel",
      "next": "rms_norm_plain_kernel"
    },
    {
      "us": 701.216,
      "prev": "argmax_kernel",
      "next": "embed_token_hc_kernel"
    },
    {
      "us": 691.488,
      "prev": "argmax_kernel",
      "next": "embed_token_hc_kernel"
    }
  ],
  "peak_bw_gbps": 236.0,
  "has_ncu": false,
  "verdict": "memory-latency-bound at moderate occupancy (not compute/tensor-bound). top lever: moe_down_expert_tile8_row32_kernel occupancy-starved (128 regs \u2192 25% occ, 17% of peak BW)"
}