{
  "label": "accept-code-deep",
  "hw": "GB10 sm_121a",
  "windows": {
    "n_tokens": 88,
    "skip": 8,
    "steady_tokens": 80,
    "wall_ms": 7262.78496
  },
  "throughput": {
    "prefill_tps": 378.13,
    "decode_tps": 19.76,
    "kvcache_mb": null,
    "accept_pct": 70.0,
    "tokens_per_iter": 2.4,
    "iters": 40
  },
  "verdict_metrics": {
    "sms_active": 89.25823171916912,
    "sm_issue": 8.648611525054749,
    "tensor_active": 1.0101981314224255,
    "compute_warps": 37.54459576784025
  },
  "time_split": {
    "wall_ms": 7262.78496,
    "kernel_ms": 6901.488192,
    "idle_ms": 361.296768,
    "kernel_pct": 95.0253687808485,
    "idle_pct": 4.974631219151503,
    "trace_decode_tps": 11.015058333766225
  },
  "kernels": [
    {
      "kernel": "moe_gate_up_mid_expert_tile8_row32_kernel",
      "pct_time": 27.993527805198337,
      "ms": 1931.970016,
      "calls": 1720,
      "avg_us": 1123.2383813953488,
      "regs": 96,
      "smem": 39552,
      "occ_theory": 0.25,
      "sm_issue": 19.298357142857142,
      "warps": 30.76457142857143,
      "class": "i8-dp4a",
      "ai": 6.153846191466442,
      "bw_gbps": 29.1261156508549,
      "pct_peak_bw": 12.341574428328347,
      "headroom": 8.102693913222616,
      "stall": null,
      "stalls": null,
      "ncu_occ": null
    },
    {
      "kernel": "moe_down_expert_tile8_row32_kernel",
      "pct_time": 21.134518808432674,
      "ms": 1458.59632,
      "calls": 1720,
      "avg_us": 848.0211162790698,
      "regs": 128,
      "smem": 18688,
      "occ_theory": 0.25,
      "sm_issue": 7.186826693659172,
      "warps": 30.896898271997685,
      "class": "i8-dp4a",
      "ai": 6.153846379567894,
      "bw_gbps": 19.289360472265553,
      "pct_peak_bw": 8.173457827231166,
      "headroom": 12.23472392147595,
      "stall": null,
      "stalls": null,
      "ncu_occ": null
    },
    {
      "kernel": "matmul_q8_0_preq_batch_share_warp_kernel<3>",
      "pct_time": 15.751755357056764,
      "ms": 1087.105536,
      "calls": 12080,
      "avg_us": 89.99218013245033,
      "regs": 48,
      "smem": 0,
      "occ_theory": 0.625,
      "sm_issue": 6.677599512591389,
      "warps": 57.46273354995938,
      "class": "i8-dp4a",
      "ai": 1.8823529411764706,
      "bw_gbps": 198.0815663512544,
      "pct_peak_bw": 83.93286709798916,
      "headroom": 1.191428381485562,
      "stall": null,
      "stalls": null,
      "ncu_occ": null
    },
    {
      "kernel": "cutlass::Kernel2<cutlass_80_wmma_tensorop_s161616gemm_f16_32x32_128x2_tn_align8>",
      "pct_time": 8.191491462020021,
      "ms": 565.334816,
      "calls": 1720,
      "avg_us": 328.68303255813953,
      "regs": null,
      "smem": null,
      "occ_theory": NaN,
      "sm_issue": 3.3161495471189055,
      "warps": 18.210252457120834,
      "class": "f16-tc",
      "ai": NaN,
      "bw_gbps": NaN,
      "pct_peak_bw": NaN,
      "headroom": NaN,
      "stall": null,
      "stalls": null,
      "ncu_occ": null
    },
    {
      "kernel": "moe_gate_up_mid_decode_q4K_qwarp32_kernel",
      "pct_time": 3.826116464360387,
      "ms": 264.058976,
      "calls": 80,
      "avg_us": 3300.7372,
      "regs": 96,
      "smem": 0,
      "occ_theory": 0.25,
      "sm_issue": 2.6177685950413223,
      "warps": 26.026859504132233,
      "class": "i8-dp4a",
      "ai": 6.153846191466442,
      "bw_gbps": 9.911595203641175,
      "pct_peak_bw": 4.199828476119142,
      "headroom": 23.810496206836806,
      "stall": null,
      "stalls": null,
      "ncu_occ": null
    },
    {
      "kernel": "cutlass::Kernel2<cutlass_80_wmma_tensorop_s161616gemm_f16_16x16_128x2_tn_align8>",
      "pct_time": 3.5201441955897503,
      "ms": 242.942336,
      "calls": 10960,
      "avg_us": 22.166271532846718,
      "regs": null,
      "smem": null,
      "occ_theory": NaN,
      "sm_issue": 1.9795434969853574,
      "warps": 5.9440137812230835,
      "class": "f16-tc",
      "ai": NaN,
      "bw_gbps": NaN,
      "pct_peak_bw": NaN,
      "headroom": NaN,
      "stall": null,
      "stalls": null,
      "ncu_occ": null
    },
    {
      "kernel": "matmul_q8_0_preq_warp8_kernel",
      "pct_time": 3.2230891919491675,
      "ms": 222.44112,
      "calls": 240,
      "avg_us": 926.838,
      "regs": 40,
      "smem": 0,
      "occ_theory": 0.75,
      "sm_issue": 5.603266331658292,
      "warps": 73.32361809045226,
      "class": "unknown",
      "ai": NaN,
      "bw_gbps": NaN,
      "pct_peak_bw": NaN,
      "headroom": NaN,
      "stall": null,
      "stalls": null,
      "ncu_occ": null
    },
    {
      "kernel": "attention_indexed_mixed_heads8_online_kernel<8, 16>",
      "pct_time": 3.0589701543605856,
      "ms": 211.114464,
      "calls": 840,
      "avg_us": 251.32674285714285,
      "regs": null,
      "smem": null,
      "occ_theory": NaN,
      "sm_issue": 8.937815975733063,
      "warps": 8.495449949443882,
      "class": "unknown",
      "ai": NaN,
      "bw_gbps": NaN,
      "pct_peak_bw": NaN,
      "headroom": NaN,
      "stall": null,
      "stalls": null,
      "ncu_occ": null
    },
    {
      "kernel": "moe_down_q4K_sum6_qwarp32_kernel",
      "pct_time": 2.4832988368894684,
      "ms": 171.384576,
      "calls": 80,
      "avg_us": 2142.3072,
      "regs": 43,
      "smem": 0,
      "occ_theory": 0.625,
      "sm_issue": 3.059055118110236,
      "warps": 40.75590551181102,
      "class": "i8-dp4a",
      "ai": 6.153846379567894,
      "bw_gbps": 7.635592598484474,
      "pct_peak_bw": 3.2354205925781674,
      "headroom": 30.907882650371064,
      "stall": null,
      "stalls": null,
      "ncu_occ": null
    },
    {
      "kernel": "indexer_scores_wmma128_kernel",
      "pct_time": 2.0736958177497957,
      "ms": 143.115872,
      "calls": 840,
      "avg_us": 170.3760380952381,
      "regs": 48,
      "smem": 45056,
      "occ_theory": 0.625,
      "sm_issue": 8.32874162323157,
      "warps": 9.902829486224869,
      "class": "f16-tc",
      "ai": NaN,
      "bw_gbps": NaN,
      "pct_peak_bw": NaN,
      "headroom": NaN,
      "stall": null,
      "stalls": null,
      "ncu_occ": null
    },
    {
      "kernel": "attention_decode_mixed_kernel",
      "pct_time": 2.056097294558698,
      "ms": 141.901312,
      "calls": 960,
      "avg_us": 147.81386666666666,
      "regs": 40,
      "smem": 34832,
      "occ_theory": 0.75,
      "sm_issue": 14.443342235787867,
      "warps": 28.844334223578787,
      "class": "unknown",
      "ai": NaN,
      "bw_gbps": NaN,
      "pct_peak_bw": NaN,
      "headroom": NaN,
      "stall": null,
      "stalls": null,
      "ncu_occ": null
    },
    {
      "kernel": "rms_norm_plain_kernel",
      "pct_time": 0.9050936010063378,
      "ms": 62.464928,
      "calls": 3720,
      "avg_us": 16.79164731182796,
      "regs": 16,
      "smem": 1024,
      "occ_theory": 1.0,
      "sm_issue": 1.0070484581497798,
      "warps": 1.718942731277533,
      "class": "f32",
      "ai": 0.5,
      "bw_gbps": 1.9514464180603874,
      "pct_peak_bw": 0.8268840754493167,
      "headroom": 120.9359364499328,
      "stall": null,
      "stalls": null,
      "ncu_occ": null
    }
  ],
  "gaps": [
    {
      "us": 1661.312,
      "prev": "argmax_kernel",
      "next": "rms_norm_plain_kernel"
    },
    {
      "us": 1634.272,
      "prev": "argmax_kernel",
      "next": "rms_norm_plain_kernel"
    },
    {
      "us": 1562.976,
      "prev": "argmax_kernel",
      "next": "rms_norm_plain_kernel"
    },
    {
      "us": 1405.888,
      "prev": "argmax_kernel",
      "next": "rms_norm_plain_kernel"
    },
    {
      "us": 1208.512,
      "prev": "argmax_kernel",
      "next": "rms_norm_plain_kernel"
    },
    {
      "us": 775.744,
      "prev": "argmax_kernel",
      "next": "rms_norm_plain_kernel"
    }
  ],
  "peak_bw_gbps": 236.0,
  "has_ncu": false,