{
  "label": "audit_smoke",
  "hw": "GB10 sm_121a",
  "windows": {
    "n_tokens": 23,
    "skip": 8,
    "steady_tokens": 15,
    "wall_ms": 1194.231936
  },
  "throughput": {
    "prefill_tps": 8.46,
    "decode_tps": 13.19,
    "kvcache_mb": null
  },
  "verdict_metrics": {
    "sms_active": 87.34106009153994,
    "sm_issue": 5.108273044933314,
    "tensor_active": 0.1498105221713667,
    "compute_warps": 45.71307643092672
  },
  "time_split": {
    "wall_ms": 1194.231936,
    "kernel_ms": 1115.135328,
    "idle_ms": 79.096608,
    "kernel_pct": 93.37678003613529,
    "idle_pct": 6.623219963864708,
    "trace_decode_tps": 12.560374201883679
  },
  "kernels": [
    {
      "kernel": "matmul_f16_wmma_bi_kernel",
      "pct_time": 18.097319216130153,
      "ms": 201.8096,
      "calls": 2505,
      "avg_us": 80.56271457085828,
      "regs": 40,
      "smem": 0,
      "occ_theory": 0.75,
      "sm_issue": 1.151875571820677,
      "warps": 3.0793687099725524,
      "class": "f16-tc",
      "ai": NaN,
      "bw_gbps": NaN,
      "pct_peak_bw": NaN,
      "headroom": NaN,
      "stall": null,
      "stalls": null,
      "ncu_occ": null
    },
    {
      "kernel": "matmul_q8_0_preq_warp8_kernel",
      "pct_time": 16.825145010561446,
      "ms": 187.623136,
      "calls": 660,
      "avg_us": 284.27747878787875,
      "regs": 40,
      "smem": 0,
      "occ_theory": 0.75,
      "sm_issue": 4.516248348745046,
      "warps": 64.7215323645971,
      "class": "unknown",
      "ai": NaN,
      "bw_gbps": NaN,
      "pct_peak_bw": NaN,
      "headroom": NaN,
      "stall": null,
      "stalls": null,
      "ncu_occ": null
    },
    {
      "kernel": "matmul_q8_0_hc_expand_preq_warp8_kernel",
      "pct_time": 15.743349133675729,
      "ms": 175.559648,
      "calls": 1290,
      "avg_us": 136.0927503875969,
      "regs": 40,
      "smem": 0,
      "occ_theory": 0.75,
      "sm_issue": 3.4455362156092084,
      "warps": 55.862717574396406,
      "class": "unknown",
      "ai": NaN,
      "bw_gbps": NaN,
      "pct_peak_bw": NaN,
      "headroom": NaN,
      "stall": null,
      "stalls": null,
      "ncu_occ": null
    },
    {
      "kernel": "grouped_q8_0_a_preq_warp8_kernel",
      "pct_time": 11.928218276302337,
      "ms": 133.015776,
      "calls": 645,
      "avg_us": 206.22600930232556,
      "regs": 48,
      "smem": 0,
      "occ_theory": 0.625,
      "sm_issue": 4.284010436079016,
      "warps": 59.30488259411107,
      "class": "unknown",
      "ai": NaN,
      "bw_gbps": NaN,
      "pct_peak_bw": NaN,
      "headroom": NaN,
      "stall": null,
      "stalls": null,
      "ncu_occ": null
    },
    {
      "kernel": "moe_gate_up_mid_decode_lut_qwarp32_kernel",
      "pct_time": 10.444688915819192,
      "ms": 116.472416,
      "calls": 645,
      "avg_us": 180.57738914728682,
      "regs": 40,
      "smem": 6848,
      "occ_theory": 0.75,
      "sm_issue": 16.005797101449275,
      "warps": 31.096066252587992,
      "class": "i8-dp4a",
      "ai": 6.153846191466442,
      "bw_gbps": 181.1720235544869,
      "pct_peak_bw": 76.76780659088429,
      "headroom": 1.3026293760472558,
      "stall": null,
      "stalls": null,
      "ncu_occ": null
    },
    {
      "kernel": "matmul_q8_0_pair_preq_warp8_kernel",
      "pct_time": 8.475094064995849,
      "ms": 94.508768,
      "calls": 1290,
      "avg_us": 73.26261085271317,
      "regs": 48,
      "smem": 0,
      "occ_theory": 0.625,
      "sm_issue": 3.336116910229645,
      "warps": 49.42797494780793,
      "class": "unknown",
      "ai": NaN,
      "bw_gbps": NaN,
      "pct_peak_bw": NaN,
      "headroom": NaN,
      "stall": null,
      "stalls": null,
      "ncu_occ": null
    },
    {
      "kernel": "moe_down_sum6_qwarp32_kernel",
      "pct_time": 5.9286824065177495,
      "ms": 66.112832,
      "calls": 645,
      "avg_us": 102.50051472868218,
      "regs": 40,
      "smem": 0,
      "occ_theory": 0.75,
      "sm_issue": 4.702662721893491,
      "warps": 44.43491124260355,
      "class": "i8-dp4a",
      "ai": 6.153846379567894,
      "bw_gbps": 159.58734493479267,
      "pct_peak_bw": 67.62175632830198,
      "headroom": 1.4788140005489125,
      "stall": null,
      "stalls": null,
      "ncu_occ": null
    },
    {
      "kernel": "matmul_f16_ordered_chunks_kernel",
      "pct_time": 3.6925383822114908,
      "ms": 41.1768,
      "calls": 1305,
      "avg_us": 31.553103448275863,
      "regs": 35,
      "smem": 128,
      "occ_theory": 0.875,
      "sm_issue": 1.179930795847751,
      "warps": 5.7854671280276815,
      "class": "unknown",
      "ai": NaN,
      "bw_gbps": NaN,
      "pct_peak_bw": NaN,
      "headroom": NaN,
      "stall": null,
      "stalls": null,
      "ncu_occ": null
    },
    {
      "kernel": "attention_decode_mixed_kernel",
      "pct_time": 3.0183816398649688,
      "ms": 33.65904,
      "calls": 645,
      "avg_us": 52.184558139534886,
      "regs": 40,
      "smem": 34832,
      "occ_theory": 0.75,
      "sm_issue": 3.212676056338028,
      "warps": 31.18169014084507,
      "class": "unknown",
      "ai": NaN,
      "bw_gbps": NaN,
      "pct_peak_bw": NaN,
      "headroom": NaN,
      "stall": null,
      "stalls": null,
      "ncu_occ": null
    },
    {
      "kernel": "rms_norm_plain_kernel",
      "pct_time": 1.9059555792317253,
      "ms": 21.253984,
      "calls": 1305,
      "avg_us": 16.28657777777778,
      "regs": 16,
      "smem": 1024,
      "occ_theory": 1.0,
      "sm_issue": 1.0,
      "warps": 1.0,
      "class": "f32",
      "ai": 0.5,
      "bw_gbps": 2.011963498231673,
      "pct_peak_bw": 0.85252690603037,
      "headroom": 117.29835069444445,
      "stall": null,
      "stalls": null,
      "ncu_occ": null
    },
    {
      "kernel": "hc_split_weighted_sum_norm_fused_kernel",
      "pct_time": 1.511287067752193,
      "ms": 16.852896,
      "calls": 1290,
      "avg_us": 13.064260465116279,
      "regs": 40,
      "smem": 1024,
      "occ_theory": 0.75,
      "sm_issue": 2.016216216216216,
      "warps": 15.286486486486487,
      "class": "unknown",
      "ai": NaN,
      "bw_gbps": NaN,
      "pct_peak_bw": NaN,
      "headroom": NaN,
      "stall": null,
      "stalls": null,
      "ncu_occ": null
    }
  ],
  "gaps": [
    {
      "us": 88.576,
      "prev": "matmul_q8_0_preq_warp8_kernel",
      "next": "embed_token_hc_kernel"
    },
    {
      "us": 72.736,
      "prev": "matmul_q8_0_preq_warp8_kernel",
      "next": "embed_token_hc_kernel"
    },
    {
      "us": 69.92,
      "prev": "matmul_q8_0_preq_warp8_kernel",
      "next": "embed_token_hc_kernel"
    },
    {
      "us": 69.056,
      "prev": "matmul_q8_0_preq_warp8_kernel",
      "next": "embed_token_hc_kernel"
    },
    {
      "us": 68.448,
      "prev": "matmul_q8_0_preq_warp8_kernel",
      "next": "embed_token_hc_kernel"
    },
    {
      "us": 68.288,
      "prev": "matmul_q8_0_preq_warp8_kernel",
      "next": "embed_token_hc_kernel"
    }
  ],
  "peak_bw_gbps": 236.0,
  "has_ncu": false,
  "verdict": "memory-latency-bound at moderate occupancy (not compute/tensor-bound)"
}