{
  "label": "gb10-postrebase-20260527",
  "hw": "GB10 sm_121a",
  "windows": {
    "n_tokens": 48,
    "skip": 8,
    "steady_tokens": 40,
    "wall_ms": 2119.2192
  },
  "throughput": {
    "prefill_tps": 7.95,
    "decode_tps": 19.61,
    "kvcache_mb": null,
    "accept_pct": 54.54545454545455,
    "tokens_per_iter": 2.090909090909091,
    "iters": 22
  },
  "verdict_metrics": {
    "sms_active": 89.65705563093623,
    "sm_issue": 8.096519152489302,
    "tensor_active": 0.8554952510176391,
    "compute_warps": 39.018187036843756
  },
  "time_split": {
    "wall_ms": 2119.2192,
    "kernel_ms": 1948.778656,
    "idle_ms": 170.440544,
    "kernel_pct": 91.9573895895243,
    "idle_pct": 8.042610410475707,
    "trace_decode_tps": 18.87487618081225
  },
  "kernels": [
    {
      "kernel": "matmul_q8_0_preq_batch_share_warp_kernel<3>",
      "pct_time": 26.222065519174077,
      "ms": 511.010016,
      "calls": 5738,
      "avg_us": 89.05716556291391,
      "regs": 48,
      "smem": 0,
      "occ_theory": 0.625,
      "sm_issue": 6.586962792039227,
      "warps": 57.80655706182098,
      "class": "i8-dp4a",
      "ai": 1.8823529411764706,
      "bw_gbps": 200.16123225263746,
      "pct_peak_bw": 84.81408146298197,
      "headroom": 1.1790494959689692,
      "stall": null,
      "stalls": null,
      "ncu_occ": null
    },
    {
      "kernel": "moe_down_expert_tile8_row32_kernel",
      "pct_time": 16.673208883913393,
      "ms": 324.923936,
      "calls": 817,
      "avg_us": 397.70371603427174,
      "regs": 128,
      "smem": 18688,
      "occ_theory": 0.25,
      "sm_issue": 7.316651638112414,
      "warps": 30.87917042380523,
      "class": "i8-dp4a",
      "ai": 6.153846379567894,
      "bw_gbps": 41.13058123548029,
      "pct_peak_bw": 17.42821238791538,
      "headroom": 5.737823121167574,
      "stall": null,
      "stalls": null,
      "ncu_occ": null
    },
    {
      "kernel": "moe_gate_up_mid_expert_tile8_row32_kernel",
      "pct_time": 16.620132768941822,
      "ms": 323.8896,
      "calls": 817,
      "avg_us": 396.43769889840877,
      "regs": 96,
      "smem": 39552,
      "occ_theory": 0.25,
      "sm_issue": 19.351179673321234,
      "warps": 30.673774954627948,
      "class": "i8-dp4a",
      "ai": 6.153846191466442,
      "bw_gbps": 82.52386463473975,
      "pct_peak_bw": 34.967739252008364,
      "headroom": 2.859778817249575,
      "stall": null,
      "stalls": null,
      "ncu_occ": null
    },
    {
      "kernel": "cutlass::Kernel2<cutlass_80_wmma_tensorop_s161616gemm_f16_32x32_128x2_tn_align8>",
      "pct_time": 13.266664184975557,
      "ms": 258.53792,
      "calls": 817,
      "avg_us": 316.44788249694005,
      "regs": null,
      "smem": null,
      "occ_theory": NaN,
      "sm_issue": 3.242306266221728,
      "warps": 18.46162402669633,
      "class": "f16-tc",
      "ai": NaN,
      "bw_gbps": NaN,
      "pct_peak_bw": NaN,
      "headroom": NaN,
      "stall": null,
      "stalls": null,
      "ncu_occ": null
    },
    {
      "kernel": "matmul_q8_0_preq_warp8_kernel",
      "pct_time": 6.018573306870208,
      "ms": 117.288672,
      "calls": 161,
      "avg_us": 728.5010683229814,
      "regs": 40,
      "smem": 0,
      "occ_theory": 0.75,
      "sm_issue": 5.368243243243243,
      "warps": 72.87837837837837,
      "class": "unknown",
      "ai": NaN,
      "bw_gbps": NaN,
      "pct_peak_bw": NaN,
      "headroom": NaN,
      "stall": null,
      "stalls": null,
      "ncu_occ": null
    },
    {
      "kernel": "cutlass::Kernel2<cutlass_80_wmma_tensorop_s161616gemm_f16_16x16_128x2_tn_align8>",
      "pct_time": 5.8375992393874006,
      "ms": 113.761888,
      "calls": 5206,
      "avg_us": 21.85207222435651,
      "regs": null,
      "smem": null,
      "occ_theory": NaN,
      "sm_issue": 1.9382924767540153,
      "warps": 6.021132713440406,
      "class": "f16-tc",
      "ai": NaN,
      "bw_gbps": NaN,
      "pct_peak_bw": NaN,
      "headroom": NaN,
      "stall": null,
      "stalls": null,
      "ncu_occ": null
    },
    {
      "kernel": "attention_decode_mixed_kernel",
      "pct_time": 2.3781196421313844,
      "ms": 46.344288,
      "calls": 899,
      "avg_us": 51.55093214682981,
      "regs": 40,
      "smem": 34832,
      "occ_theory": 0.75,
      "sm_issue": 6.208510638297873,
      "warps": 24.545744680851065,
      "class": "unknown",
      "ai": NaN,
      "bw_gbps": NaN,
      "pct_peak_bw": NaN,
      "headroom": NaN,
      "stall": null,
      "stalls": null,
      "ncu_occ": null
    },
    {
      "kernel": "rms_norm_plain_kernel",
      "pct_time": 1.5521647831512375,
      "ms": 30.248256,
      "calls": 1857,
      "avg_us": 16.288775444264942,
      "regs": 16,
      "smem": 1024,
      "occ_theory": 1.0,
      "sm_issue": 1.0092307692307692,
      "warps": 1.7784615384615385,
      "class": "f32",
      "ai": 0.5,
      "bw_gbps": 2.011692045981097,
      "pct_peak_bw": 0.8524118838902954,
      "headroom": 117.31417861470113,
      "stall": null,
      "stalls": null,
      "ncu_occ": null
    },
    {
      "kernel": "rms_norm_weight_kernel",
      "pct_time": 1.0577800581165642,
      "ms": 20.613792,
      "calls": 2485,
      "avg_us": 8.295288531187124,
      "regs": 18,
      "smem": 1024,
      "occ_theory": 1.0,
      "sm_issue": 2.7376681614349776,
      "warps": 16.55829596412556,
      "class": "f32",
      "ai": 0.5,
      "bw_gbps": 3.9501941224593704,
      "pct_peak_bw": 1.6738110688387162,
      "headroom": 59.74389933350101,
      "stall": null,
      "stalls": null,
      "ncu_occ": null
    },
    {
      "kernel": "matmul_q8_0_hc_expand_preq_warp8_kernel",
      "pct_time": 0.8754710006429791,
      "ms": 17.060992,
      "calls": 164,
      "avg_us": 104.03043902439025,
      "regs": 40,
      "smem": 0,
      "occ_theory": 0.75,
      "sm_issue": 4.45398773006135,
      "warps": 51.72699386503067,
      "class": "unknown",
      "ai": NaN,
      "bw_gbps": NaN,
      "pct_peak_bw": NaN,
      "headroom": NaN,
      "stall": null,
      "stalls": null,
      "ncu_occ": null
    },
    {
      "kernel": "grouped_q8_0_a_preq_warp8_kernel",
      "pct_time": 0.693912361897297,
      "ms": 13.522816,
      "calls": 82,
      "avg_us": 164.91239024390245,
      "regs": 48,
      "smem": 0,
      "occ_theory": 0.625,
      "sm_issue": 5.4911032028469755,
      "warps": 60.62277580071174,
      "class": "unknown",
      "ai": NaN,
      "bw_gbps": NaN,
      "pct_peak_bw": NaN,
      "headroom": NaN,
      "stall": null,
      "stalls": null,
      "ncu_occ": null
    },
    {
      "kernel": "moe_build_expert_tile_offsets_kernel",
      "pct_time": 0.6726986648605823,
      "ms": 13.109408,
      "calls": 817,
      "avg_us": 16.045787025703795,
      "regs": 14,
      "smem": 0,
      "occ_theory": 1.0,
      "sm_issue": 10.796,
      "warps": 23.824,
      "class": "unknown",
      "ai": NaN,
      "bw_gbps": NaN,
      "pct_peak_bw": NaN,
      "headroom": NaN,
      "stall": null,
      "stalls": null,
      "ncu_occ": null
    }
  ],
  "gaps": [
    {
      "us": 912.128,
      "prev": "argmax_kernel",
      "next": "rms_norm_plain_kernel"
    },
    {
      "us": 686.24,
      "prev": "argmax_kernel",
      "next": "embed_token_hc_kernel"
    },
    {
      "us": 684.768,
      "prev": "argmax_kernel",
      "next": "rms_norm_plain_kernel"
    },
    {
      "us": 682.752,
      "prev": "argmax_kernel",
      "next": "embed_token_hc_kernel"
    },
    {
      "us": 679.424,
      "prev": "argmax_kernel",
      "next": "embed_token_hc_kernel"
    },
    {
      "us": 678.72,
      "prev": "argmax_kernel",
      "next": "embed_token_hc_kernel"
    }
  ],
  "peak_bw_gbps": 236.0,
  "has_ncu": false,
  "verdict": "memory-latency-bound at moderate occupancy (not compute/tensor-bound). top lever: moe_down_expert_tile8_row32_kernel occupancy-starved (128 regs \u2192 25% occ, 17% of peak BW)"
}