{
  "label": "gb10-on-upstream @ c5b39429",
  "hw": "GB10 sm_121a",
  "windows": {
    "n_tokens": 48,
    "skip": 8,
    "steady_tokens": 40,
    "wall_ms": 2167.70432
  },
  "throughput": {
    "prefill_tps": 408.9,
    "decode_tps": 16.32,
    "kvcache_mb": 52.2,
    "accept_pct": 54.54545454545455,
    "tokens_per_iter": 2.090909090909091,
    "iters": 22
  },
  "verdict_metrics": {
    "sms_active": 87.46299356741501,
    "sm_issue": 7.84254150669955,
    "tensor_active": 0.8339986270371971,
    "compute_warps": 35.58028018611274
  },
  "time_split": {
    "wall_ms": 2167.70432,
    "kernel_ms": 2001.264192,
    "idle_ms": 166.440128,
    "kernel_pct": 92.3218251463373,
    "idle_pct": 7.678174853662699,
    "trace_decode_tps": 18.452701150680916
  },
  "kernels": [
    {
      "kernel": "matmul_q8_0_preq_batch_share_warp_kernel<3>",
      "pct_time": 25.259038662697463,
      "ms": 505.500096,
      "calls": 5738,
      "avg_us": 88.09691460439177,
      "regs": 48,
      "smem": 0,
      "occ_theory": 0.625,
      "sm_issue": 6.674274060405944,
      "warps": 57.886180440905115,
      "class": "i8-dp4a",
      "ai": 1.8823529411764706,
      "bw_gbps": 202.342977390849,
      "pct_peak_bw": 85.73854974188518,
      "headroom": 1.1663364997547632,
      "stall": "long_scb 59%",
      "stalls": {
        "long_scb": 63.918327500000004,
        "lg_throttle": 34.005540375,
        "mio_throttle": 4.813937625,
        "short_scb": 2.321336375,
        "wait": 1.5275205,
        "barrier": 0.0,
        "not_selected": 1.3232735
      },
      "ncu_occ": 62.981723875
    },
    {
      "kernel": "moe_down_expert_tile8_row32_kernel",
      "pct_time": 19.074680570709976,
      "ms": 381.734752,
      "calls": 817,
      "avg_us": 467.23959853121175,
      "regs": 168,
      "smem": 18688,
      "occ_theory": 0.125,
      "sm_issue": 5.990733590733591,
      "warps": 15.942213642213643,
      "class": "i8-dp4a",
      "ai": 6.153846379567894,
      "bw_gbps": 35.00941497985491,
      "pct_peak_bw": 14.834497872819878,
      "headroom": 6.74104380595331,
      "stall": "barrier 53%",
      "stalls": {
        "long_scb": 14.737271,
        "lg_throttle": 4.278788,
        "mio_throttle": 0.0009385000000000001,
        "short_scb": 1.065009,
        "wait": 1.8783195,
        "barrier": 25.20001,
        "not_selected": 0.1721495
      },
      "ncu_occ": 15.8818905
    },
    {
      "kernel": "moe_gate_up_mid_expert_tile8_row32_kernel",
      "pct_time": 16.089668185098873,
      "ms": 321.996768,
      "calls": 817,
      "avg_us": 394.1208910648715,
      "regs": 96,
      "smem": 39552,
      "occ_theory": 0.25,
      "sm_issue": 19.36820528393562,
      "warps": 29.825842696629213,
      "class": "i8-dp4a",
      "ai": 6.153846191466442,
      "bw_gbps": 83.0089745093342,
      "pct_peak_bw": 35.17329428361619,
      "headroom": 2.8430660828542376,
      "stall": "long_scb 50%",
      "stalls": {
        "long_scb": 9.171420999999999,
        "lg_throttle": 0.6838139999999999,
        "mio_throttle": 0.7898205,
        "short_scb": 1.3157025,
        "wait": 1.3790445,
        "barrier": 4.625086,
        "not_selected": 0.45771249999999997
      },
      "ncu_occ": 30.779239
    },
    {
      "kernel": "cutlass::Kernel2<cutlass_80_wmma_tensorop_s161616gemm_f16_32x32_128x2_tn_align8>",
      "pct_time": 13.105359354773285,
      "ms": 262.272864,
      "calls": 817,
      "avg_us": 321.01941738066097,
      "regs": null,
      "smem": null,
      "occ_theory": NaN,
      "sm_issue": 3.230327717089428,
      "warps": 18.25143491945936,
      "class": "f16-tc",
      "ai": NaN,
      "bw_gbps": NaN,
      "pct_peak_bw": NaN,
      "headroom": NaN,
      "stall": null,
      "stalls": null,
      "ncu_occ": null
    },
    {
      "kernel": "matmul_q8_0_preq_warp8_kernel",
      "pct_time": 5.877041945294547,
      "ms": 117.615136,
      "calls": 161,
      "avg_us": 730.5287950310559,
      "regs": 40,
      "smem": 0,
      "occ_theory": 0.75,
      "sm_issue": 5.352148272957034,
      "warps": 72.62005054759899,
      "class": "unknown",
      "ai": NaN,
      "bw_gbps": NaN,
      "pct_peak_bw": NaN,
      "headroom": NaN,
      "stall": null,
      "stalls": null,
      "ncu_occ": null
    },
    {
      "kernel": "cutlass::Kernel2<cutlass_80_wmma_tensorop_s161616gemm_f16_16x16_128x2_tn_align8>",
      "pct_time": 5.729332112089277,
      "ms": 114.659072,
      "calls": 5206,
      "avg_us": 22.024408759124086,
      "regs": null,
      "smem": null,
      "occ_theory": NaN,
      "sm_issue": 1.9487731381833835,
      "warps": 6.0520878174774,
      "class": "f16-tc",
      "ai": NaN,
      "bw_gbps": NaN,
      "pct_peak_bw": NaN,
      "headroom": NaN,
      "stall": null,
      "stalls": null,
      "ncu_occ": null
    },
    {
      "kernel": "attention_decode_mixed_kernel",
      "pct_time": 2.329498733168759,
      "ms": 46.619424,
      "calls": 899,
      "avg_us": 51.85697886540601,
      "regs": 40,
      "smem": 34832,
      "occ_theory": 0.75,
      "sm_issue": 6.126569037656904,
      "warps": 24.777196652719667,
      "class": "unknown",
      "ai": NaN,
      "bw_gbps": NaN,
      "pct_peak_bw": NaN,
      "headroom": NaN,
      "stall": null,
      "stalls": null,
      "ncu_occ": null
    },
    {
      "kernel": "rms_norm_plain_kernel",
      "pct_time": 1.5298601814987154,
      "ms": 30.616544,
      "calls": 1857,
      "avg_us": 16.487099623047925,
      "regs": 16,
      "smem": 1024,
      "occ_theory": 1.0,
      "sm_issue": 1.0062402496099845,
      "warps": 1.889235569422777,
      "class": "f32",
      "ai": 0.5,
      "bw_gbps": 1.9874932977412472,
      "pct_peak_bw": 0.842158177009003,
      "headroom": 118.74253878904145,
      "stall": null,
      "stalls": null,
      "ncu_occ": null
    },
    {
      "kernel": "rms_norm_weight_kernel",
      "pct_time": 1.0277663529993346,
      "ms": 20.56832,
      "calls": 2485,
      "avg_us": 8.276989939637827,
      "regs": 18,
      "smem": 1024,
      "occ_theory": 1.0,
      "sm_issue": 2.727272727272727,
      "warps": 15.785353535353535,
      "class": "f32",
      "ai": 0.5,
      "bw_gbps": 3.9589271267658224,
      "pct_peak_bw": 1.6775114943922975,
      "headroom": 59.6121101609658,
      "stall": null,
      "stalls": null,
      "ncu_occ": null
    },
    {
      "kernel": "matmul_q8_0_hc_expand_preq_warp8_kernel",
      "pct_time": 0.8544039346904979,
      "ms": 17.09888,
      "calls": 164,
      "avg_us": 104.26146341463414,
      "regs": 40,
      "smem": 0,
      "occ_theory": 0.75,
      "sm_issue": 4.363905325443787,
      "warps": 52.44970414201183,
      "class": "unknown",
      "ai": NaN,
      "bw_gbps": NaN,
      "pct_peak_bw": NaN,
      "headroom": NaN,
      "stall": null,
      "stalls": null,
      "ncu_occ": null
    },
    {
      "kernel": "grouped_q8_0_a_preq_warp8_kernel",
      "pct_time": 0.6753922872368068,
      "ms": 13.516384,
      "calls": 82,
      "avg_us": 164.83395121951222,
      "regs": 48,
      "smem": 0,
      "occ_theory": 0.625,
      "sm_issue": 5.456834532374101,
      "warps": 60.07194244604317,
      "class": "unknown",
      "ai": NaN,
      "bw_gbps": NaN,
      "pct_peak_bw": NaN,
      "headroom": NaN,
      "stall": null,
      "stalls": null,
      "ncu_occ": null
    },
    {
      "kernel": "moe_build_expert_tile_offsets_kernel",
      "pct_time": 0.653372605789371,
      "ms": 13.075712,
      "calls": 817,
      "avg_us": 16.00454345165239,
      "regs": 14,
      "smem": 0,
      "occ_theory": 1.0,
      "sm_issue": 11.438461538461539,
      "warps": 24.442307692307693,
      "class": "unknown",
      "ai": NaN,
      "bw_gbps": NaN,
      "pct_peak_bw": NaN,
      "headroom": NaN,
      "stall": null,
      "stalls": null,
      "ncu_occ": null
    }
  ],
  "gaps": [
    {
      "us": 1242.784,
      "prev": "argmax_kernel",
      "next": "embed_token_hc_kernel"
    },
    {
      "us": 724.736,