{
  "label": "moe_down_lb3",
  "hw": "GB10 sm_121a",
  "windows": {
    "n_tokens": 48,
    "skip": 8,
    "steady_tokens": 40,
    "wall_ms": 2552.730368
  },
  "throughput": {
    "prefill_tps": 7.15,
    "decode_tps": 16.47,
    "kvcache_mb": null,
    "accept_pct": 54.54545454545455,
    "tokens_per_iter": 2.090909090909091,
    "iters": 22
  },
  "verdict_metrics": {
    "sms_active": 91.89750900360144,
    "sm_issue": 6.766485165494769,
    "tensor_active": 0.6976290516206483,
    "compute_warps": 42.99181101011833
  },
  "time_split": {
    "wall_ms": 2552.730368,
    "kernel_ms": 2386.506368,
    "idle_ms": 166.224,
    "kernel_pct": 93.48838396394241,
    "idle_pct": 6.5116160360575925,
    "trace_decode_tps": 15.669496669692926
  },
  "kernels": [
    {
      "kernel": "moe_down_expert_tile8_row32_kernel",
      "pct_time": 31.12052102431264,
      "ms": 742.693216,
      "calls": 817,
      "avg_us": 909.0492239902081,
      "regs": 80,
      "smem": 18688,
      "occ_theory": 0.375,
      "sm_issue": 3.8683437008681385,
      "warps": 46.48321826508989,
      "class": "i8-dp4a",
      "ai": 6.153846379567894,
      "bw_gbps": 17.99438860769128,
      "pct_peak_bw": 7.624740935462407,
      "headroom": 13.115199696150128,
      "stall": "lg_throttle 36%",
      "stalls": {
        "long_scb": 59.521334499999995,
        "lg_throttle": 60.4108405,
        "mio_throttle": 0.6502065,
        "short_scb": 1.2322665,
        "wait": 1.8877085,
        "barrier": 42.4333005,
        "not_selected": 0.5629824999999999
      },
      "ncu_occ": 47.354596
    },
    {
      "kernel": "matmul_q8_0_preq_batch_share_warp_kernel<3>",
      "pct_time": 22.044316791028987,
      "ms": 526.089024,
      "calls": 5738,
      "avg_us": 91.68508609271524,
      "regs": 48,
      "smem": 0,
      "occ_theory": 0.625,
      "sm_issue": 6.330424287438492,
      "warps": 58.25977160894996,
      "class": "i8-dp4a",
      "ai": 1.8823529411764706,
      "bw_gbps": 194.42411802911894,
      "pct_peak_bw": 82.38310085979616,
      "headroom": 1.2138411756336434,
      "stall": "long_scb 59%",
      "stalls": {
        "long_scb": 65.106359875,
        "lg_throttle": 35.36556575,
        "mio_throttle": 4.6429314999999995,
        "short_scb": 2.24427125,
        "wait": 1.527363125,
        "barrier": 0.0,
        "not_selected": 1.315925625
      },
      "ncu_occ": 63.344471375
    },
    {
      "kernel": "moe_gate_up_mid_expert_tile8_row32_kernel",
      "pct_time": 13.439933297508805,
      "ms": 320.744864,
      "calls": 817,
      "avg_us": 392.5885728274174,
      "regs": 96,
      "smem": 39552,
      "occ_theory": 0.25,
      "sm_issue": 19.308924485125857,
      "warps": 31.491380625476737,
      "class": "i8-dp4a",
      "ai": 6.153846191466442,
      "bw_gbps": 83.3329680596226,
      "pct_peak_bw": 35.31057968628076,
      "headroom": 2.8320124135161975,
      "stall": "long_scb 53%",
      "stalls": {
        "long_scb": 10.144646999999999,
        "lg_throttle": 0.813456,
        "mio_throttle": 0.8094155000000001,
        "short_scb": 1.2328915,
        "wait": 1.3818030000000001,
        "barrier": 4.448105,
        "not_selected": 0.48295849999999996
      },
      "ncu_occ": 31.3730865
    },
    {
      "kernel": "cutlass::Kernel2<cutlass_80_wmma_tensorop_s161616gemm_f16_32x32_128x2_tn_align8>",
      "pct_time": 11.200637868987242,
      "ms": 267.303936,
      "calls": 817,
      "avg_us": 327.17740024479804,
      "regs": null,
      "smem": null,
      "occ_theory": NaN,
      "sm_issue": 3.1831271921727895,
      "warps": 18.27099870777183,
      "class": "f16-tc",
      "ai": NaN,
      "bw_gbps": NaN,
      "pct_peak_bw": NaN,
      "headroom": NaN,
      "stall": null,
      "stalls": null,
      "ncu_occ": null
    },
    {
      "kernel": "matmul_q8_0_preq_warp8_kernel",
      "pct_time": 4.902739568135106,
      "ms": 117.004192,
      "calls": 161,
      "avg_us": 726.7341118012422,
      "regs": 40,
      "smem": 0,
      "occ_theory": 0.75,
      "sm_issue": 5.294265383005442,
      "warps": 72.96400167434072,
      "class": "unknown",
      "ai": NaN,
      "bw_gbps": NaN,
      "pct_peak_bw": NaN,
      "headroom": NaN,
      "stall": null,
      "stalls": null,
      "ncu_occ": null
    },
    {
      "kernel": "cutlass::Kernel2<cutlass_80_wmma_tensorop_s161616gemm_f16_16x16_128x2_tn_align8>",
      "pct_time": 4.8058307129562206,
      "ms": 114.691456,
      "calls": 5206,
      "avg_us": 22.030629273914712,
      "regs": null,
      "smem": null,
      "occ_theory": NaN,
      "sm_issue": 1.9375,
      "warps": 6.0518707482993195,
      "class": "f16-tc",
      "ai": NaN,
      "bw_gbps": NaN,
      "pct_peak_bw": NaN,
      "headroom": NaN,
      "stall": null,
      "stalls": null,
      "ncu_occ": null
    },
    {
      "kernel": "attention_decode_mixed_kernel",
      "pct_time": 1.9338916760854,
      "ms": 46.152448,
      "calls": 899,
      "avg_us": 51.33753948832035,
      "regs": 40,
      "smem": 34832,
      "occ_theory": 0.75,
      "sm_issue": 6.216768916155419,
      "warps": 24.722903885480573,
      "class": "unknown",
      "ai": NaN,
      "bw_gbps": NaN,
      "pct_peak_bw": NaN,
      "headroom": NaN,
      "stall": null,
      "stalls": null,
      "ncu_occ": null
    },
    {
      "kernel": "rms_norm_plain_kernel",
      "pct_time": 1.2775843554757278,
      "ms": 30.489632,
      "calls": 1857,
      "avg_us": 16.418757135164245,
      "regs": 16,
      "smem": 1024,
      "occ_theory": 1.0,
      "sm_issue": 1.0032051282051282,
      "warps": 1.810897435897436,
      "class": "f32",
      "ai": 0.5,
      "bw_gbps": 1.9957661673318983,
      "pct_peak_bw": 0.8456636302253807,
      "headroom": 118.25032604671513,
      "stall": null,
      "stalls": null,
      "ncu_occ": null
    },
    {
      "kernel": "rms_norm_weight_kernel",
      "pct_time": 0.8599911684794633,
      "ms": 20.523744,
      "calls": 2485,
      "avg_us": 8.259051911468813,
      "regs": 18,
      "smem": 1024,
      "occ_theory": 1.0,
      "sm_issue": 2.6814988290398127,
      "warps": 16.983606557377048,
      "class": "f32",
      "ai": 0.5,
      "bw_gbps": 3.9675256132604266,
      "pct_peak_bw": 1.681154920873062,
      "headroom": 59.48291781941649,
      "stall": null,
      "stalls": null,
      "ncu_occ": null
    },
    {
      "kernel": "matmul_q8_0_hc_expand_preq_warp8_kernel",
      "pct_time": 0.7166465687804945,
      "ms": 17.102816,
      "calls": 164,
      "avg_us": 104.28546341463414,
      "regs": 40,
      "smem": 0,
      "occ_theory": 0.75,
      "sm_issue": 4.23342939481268,
      "warps": 51.706051873198845,
      "class": "unknown",
      "ai": NaN,
      "bw_gbps": NaN,
      "pct_peak_bw": NaN,
      "headroom": NaN,
      "stall": null,
      "stalls": null,
      "ncu_occ": null
    },
    {
      "kernel": "grouped_q8_0_a_preq_warp8_kernel",
      "pct_time": 0.5637026651336385,
      "ms": 13.4528,
      "calls": 82,
      "avg_us": 164.05853658536586,
      "regs": 48,
      "smem": 0,
      "occ_theory": 0.625,
      "sm_issue": 5.352727272727273,
      "warps": 59.75272727272727,
      "class": "unknown",
      "ai": NaN,
      "bw_gbps": NaN,
      "pct_peak_bw": NaN,
      "headroom": NaN,
      "stall": null,
      "stalls": null,
      "ncu_occ": null
    },
    {
      "kernel": "moe_build_expert_tile_offsets_kernel",
      "pct_time": 0.5442345419293682,
      "ms": 12.988192,
      "calls": 817,
      "avg_us": 15.89741982864137,
      "regs": 14,
      "smem": 0,
      "occ_theory": 1.0,
      "sm_issue": 10.73228346456693,
      "warps": 23.787401574803148,
      "class": "unknown",
      "ai": NaN,
      "bw_gbps": NaN,
      "pct_peak_bw": NaN,
      "headroom": NaN,
      "stall": null,
      "stalls": null,
      "ncu_occ": null
    }
  ],
  "gaps": [
    {
      "us": 1380.096,
      "prev": "argmax_kernel",