{
  "label": "moe_down_lb2",
  "hw": "GB10 sm_121a",
  "windows": {
    "n_tokens": 48,
    "skip": 8,
    "steady_tokens": 40,
    "wall_ms": 2098.96528
  },
  "throughput": {
    "prefill_tps": 7.97,
    "decode_tps": 19.69,
    "kvcache_mb": null,
    "accept_pct": 54.54545454545455,
    "tokens_per_iter": 2.090909090909091,
    "iters": 22
  },
  "verdict_metrics": {
    "sms_active": 89.56688234517364,
    "sm_issue": 8.132576257757824,
    "tensor_active": 0.8609533870328799,
    "compute_warps": 39.16770104317972
  },
  "time_split": {
    "wall_ms": 2098.96528,
    "kernel_ms": 1932.745184,
    "idle_ms": 166.220096,
    "kernel_pct": 92.08085538222909,
    "idle_pct": 7.919144617770905,
    "trace_decode_tps": 19.057008889637277
  },
  "kernels": [
    {
      "kernel": "matmul_q8_0_preq_batch_share_warp_kernel<3>",
      "pct_time": 26.421789081534712,
      "ms": 510.665856,
      "calls": 5738,
      "avg_us": 88.99718647612409,
      "regs": 48,
      "smem": 0,
      "occ_theory": 0.625,
      "sm_issue": 6.5503336234406735,
      "warps": 57.96064210424524,
      "class": "i8-dp4a",
      "ai": 1.8823529411764706,
      "bw_gbps": 200.29612963980892,
      "pct_peak_bw": 84.8712413728004,
      "headroom": 1.1782554182369729,
      "stall": "long_scb 60%",
      "stalls": {
        "long_scb": 67.551993125,
        "lg_throttle": 34.2118035,
        "mio_throttle": 4.812036125,
        "short_scb": 2.631593,
        "wait": 1.52736775,
        "barrier": 0.0,
        "not_selected": 1.32300775
      },
      "ncu_occ": 63.452438125
    },
    {
      "kernel": "moe_gate_up_mid_expert_tile8_row32_kernel",
      "pct_time": 16.69096178174722,
      "ms": 322.59376,
      "calls": 817,
      "avg_us": 394.85160342717256,
      "regs": 96,
      "smem": 39552,
      "occ_theory": 0.25,
      "sm_issue": 19.223787878787878,
      "warps": 30.666969696969698,
      "class": "i8-dp4a",
      "ai": 6.153846191466442,
      "bw_gbps": 82.85535810426092,
      "pct_peak_bw": 35.108202586551236,
      "headroom": 2.8483372155972075,
      "stall": "long_scb 50%",
      "stalls": {
        "long_scb": 8.733791,
        "lg_throttle": 0.9196305,
        "mio_throttle": 0.587896,
        "short_scb": 1.172248,
        "wait": 1.381522,
        "barrier": 4.176078,
        "not_selected": 0.423999
      },
      "ncu_occ": 31.5330285
    },
    {
      "kernel": "moe_down_expert_tile8_row32_kernel",
      "pct_time": 15.875367458683058,
      "ms": 306.8304,
      "calls": 817,
      "avg_us": 375.5574051407589,
      "regs": 128,
      "smem": 18688,
      "occ_theory": 0.25,
      "sm_issue": 7.698101164831658,
      "warps": 30.795915110898356,
      "class": "i8-dp4a",
      "ai": 6.153846379567894,
      "bw_gbps": 43.55601773813807,
      "pct_peak_bw": 18.45593971955003,
      "headroom": 5.4183098514388774,
      "stall": "barrier 56%",
      "stalls": {
        "long_scb": 21.9414435,
        "lg_throttle": 12.6050985,
        "mio_throttle": 0.0646075,
        "short_scb": 1.170863,
        "wait": 1.8656424999999999,
        "barrier": 47.508007500000005,
        "not_selected": 0.2934455
      },
      "ncu_occ": 31.7728745
    },
    {
      "kernel": "cutlass::Kernel2<cutlass_80_wmma_tensorop_s161616gemm_f16_32x32_128x2_tn_align8>",
      "pct_time": 13.67806010789677,
      "ms": 264.362048,
      "calls": 817,
      "avg_us": 323.5765581395349,
      "regs": null,
      "smem": null,
      "occ_theory": NaN,
      "sm_issue": 3.234695799585609,
      "warps": 18.241288378225654,
      "class": "f16-tc",
      "ai": NaN,
      "bw_gbps": NaN,
      "pct_peak_bw": NaN,
      "headroom": NaN,
      "stall": null,
      "stalls": null,
      "ncu_occ": null
    },
    {
      "kernel": "matmul_q8_0_preq_warp8_kernel",
      "pct_time": 6.064473318589317,
      "ms": 117.210816,
      "calls": 161,
      "avg_us": 728.0174906832298,
      "regs": 40,
      "smem": 0,
      "occ_theory": 0.75,
      "sm_issue": 5.332492643968054,
      "warps": 72.76712904581757,
      "class": "unknown",
      "ai": NaN,
      "bw_gbps": NaN,
      "pct_peak_bw": NaN,
      "headroom": NaN,
      "stall": null,
      "stalls": null,
      "ncu_occ": null
    },
    {
      "kernel": "cutlass::Kernel2<cutlass_80_wmma_tensorop_s161616gemm_f16_16x16_128x2_tn_align8>",
      "pct_time": 5.930072155854354,
      "ms": 114.613184,
      "calls": 5206,
      "avg_us": 22.015594314252787,
      "regs": null,
      "smem": null,
      "occ_theory": NaN,
      "sm_issue": 1.9632478632478632,
      "warps": 6.141025641025641,
      "class": "f16-tc",
      "ai": NaN,
      "bw_gbps": NaN,
      "pct_peak_bw": NaN,
      "headroom": NaN,
      "stall": null,
      "stalls": null,
      "ncu_occ": null
    },
    {
      "kernel": "attention_decode_mixed_kernel",
      "pct_time": 2.390809527429147,
      "ms": 46.208256,
      "calls": 899,
      "avg_us": 51.39961735261402,
      "regs": 40,
      "smem": 34832,
      "occ_theory": 0.75,
      "sm_issue": 6.168049792531121,
      "warps": 24.842323651452283,
      "class": "unknown",
      "ai": NaN,
      "bw_gbps": NaN,
      "pct_peak_bw": NaN,
      "headroom": NaN,
      "stall": null,
      "stalls": null,
      "ncu_occ": null
    },
    {
      "kernel": "rms_norm_plain_kernel",
      "pct_time": 1.5775960665904316,
      "ms": 30.490912,
      "calls": 1857,
      "avg_us": 16.419446418955303,
      "regs": 16,
      "smem": 1024,
      "occ_theory": 1.0,
      "sm_issue": 1.0078125,
      "warps": 1.6796875,
      "class": "f32",
      "ai": 0.5,
      "bw_gbps": 1.9956823856236243,
      "pct_peak_bw": 0.8456281295015358,
      "headroom": 118.25529037089392,
      "stall": null,
      "stalls": null,
      "ncu_occ": null
    },
    {
      "kernel": "rms_norm_weight_kernel",
      "pct_time": 1.0624887424373477,
      "ms": 20.5352,
      "calls": 2485,
      "avg_us": 8.263661971830986,
      "regs": 18,
      "smem": 1024,
      "occ_theory": 1.0,
      "sm_issue": 2.5046082949308754,
      "warps": 14.963133640552995,
      "class": "f32",
      "ai": 0.5,
      "bw_gbps": 3.9653122443414235,
      "pct_peak_bw": 1.680217052687044,
      "headroom": 59.51612015845071,
      "stall": null,
      "stalls": null,
      "ncu_occ": null
    },
    {
      "kernel": "matmul_q8_0_hc_expand_preq_warp8_kernel",
      "pct_time": 0.8860118830853597,
      "ms": 17.124352,
      "calls": 164,
      "avg_us": 104.41678048780487,
      "regs": 40,
      "smem": 0,
      "occ_theory": 0.75,
      "sm_issue": 4.331428571428572,
      "warps": 52.245714285714286,
      "class": "unknown",
      "ai": NaN,
      "bw_gbps": NaN,
      "pct_peak_bw": NaN,
      "headroom": NaN,
      "stall": null,
      "stalls": null,
      "ncu_occ": null
    },
    {
      "kernel": "grouped_q8_0_a_preq_warp8_kernel",
      "pct_time": 0.6935627164392923,
      "ms": 13.4048,
      "calls": 82,
      "avg_us": 163.47317073170734,
      "regs": 48,
      "smem": 0,
      "occ_theory": 0.625,
      "sm_issue": 5.45925925925926,
      "warps": 59.79259259259259,
      "class": "unknown",
      "ai": NaN,
      "bw_gbps": NaN,
      "pct_peak_bw": NaN,
      "headroom": NaN,
      "stall": null,
      "stalls": null,
      "ncu_occ": null
    },
    {
      "kernel": "moe_gate_up_mid_decode_q4K_qwarp32_kernel",
      "pct_time": 0.6702607310700716,
      "ms": 12.954432,
      "calls": 39,
      "avg_us": 332.16492307692306,
      "regs": 96,
      "smem": 0,
      "occ_theory": 0.25,
      "sm_issue": 2.494296577946768,
      "warps": 25.840304182509506,
      "class": "i8-dp4a",
      "ai": 6.153846191466442,
      "bw_gbps": 98.4919500137096,
      "pct_peak_bw": 41.733877124453215,
      "headroom": 2.3961349122151607,
      "stall": null,
      "stalls": null,
      "ncu_occ": null
    }
  ],
  "gaps": [
    {
      "us": 1299.552,
      "prev": "argmax_kernel",