{
  "label": "prefill ctx8192 promessi",
  "hw": "GB10 sm_121a",
  "windows": {
    "n_tokens": 8,
    "skip": 7,
    "steady_tokens": 1,
    "wall_ms": 20550.200992
  },
  "throughput": {
    "prefill_tps": null,
    "decode_tps": null,
    "kvcache_mb": null
  },
  "verdict_metrics": {
    "sms_active": 99.61734105743886,
    "sm_issue": 33.376895232640955,
    "tensor_active": 4.3519387358018164,
    "compute_warps": 40.91426144971377
  },
  "time_split": {
    "wall_ms": 20550.200992,
    "kernel_ms": 20044.804096,
    "idle_ms": 505.396896,
    "kernel_pct": 97.54067176181515,
    "idle_pct": 2.4593282381848542,
    "trace_decode_tps": 0.0486613245480806
  },
  "kernels": [
    {
      "kernel": "moe_gate_up_mid_expert_tile8_rowspan_kernel<1024>",
      "pct_time": 32.95747235224064,
      "ms": 6606.260768,
      "calls": 86,
      "avg_us": 76816.9856744186,
      "regs": null,
      "smem": null,
      "occ_theory": NaN,
      "sm_issue": 45.45431952142166,
      "warps": 32.77818832292308,
      "class": "i8-dp4a",
      "ai": 6.153846191466442,
      "bw_gbps": 0.42588980435475293,
      "pct_peak_bw": 0.18046178150625125,
      "headroom": 554.1339510523228,
      "stall": null,
      "stalls": null,
      "ncu_occ": null
    },
    {
      "kernel": "moe_down_expert_tile16_row2048_kernel",
      "pct_time": 26.085615678545967,
      "ms": 5228.81056,
      "calls": 86,
      "avg_us": 60800.12279069767,
      "regs": 232,
      "smem": 37376,
      "occ_theory": 0.125,
      "sm_issue": 24.826045320944345,
      "warps": 15.90599222527733,
      "class": "i8-dp4a",
      "ai": 6.153846379567894,
      "bw_gbps": 0.26904197309454636,
      "pct_peak_bw": 0.11400083605701118,
      "headroom": 877.1865493160993,
      "stall": null,
      "stalls": null,
      "ncu_occ": null
    },
    {
      "kernel": "attention_indexed_mixed_heads8_online_kernel<8, 16>",
      "pct_time": 9.882195298657411,
      "ms": 1980.866688,
      "calls": 42,
      "avg_us": 47163.49257142858,
      "regs": null,
      "smem": null,
      "occ_theory": NaN,
      "sm_issue": 62.53025361436986,
      "warps": 66.80204935987928,
      "class": "unknown",
      "ai": NaN,
      "bw_gbps": NaN,
      "pct_peak_bw": NaN,
      "headroom": NaN,
      "stall": null,
      "stalls": null,
      "ncu_occ": null
    },
    {
      "kernel": "f32_to_f16_kernel",
      "pct_time": 3.5137606166006403,
      "ms": 704.326432,
      "calls": 1361,
      "avg_us": 517.5065628214548,
      "regs": 10,
      "smem": 0,
      "occ_theory": 1.0,
      "sm_issue": 7.178970288684414,
      "warps": 78.65589660743134,
      "class": "unknown",
      "ai": NaN,
      "bw_gbps": NaN,
      "pct_peak_bw": NaN,
      "headroom": NaN,
      "stall": null,
      "stalls": null,
      "ncu_occ": null
    },
    {
      "kernel": "nvjet_sm121_hss_mma_128x208x64_2_32x104x64_tmaAB_bz_TNNN",
      "pct_time": 3.4744721508102883,
      "ms": 696.451136,
      "calls": 214,
      "avg_us": 3254.4445607476637,
      "regs": null,
      "smem": null,
      "occ_theory": NaN,
      "sm_issue": 7.205573259204014,
      "warps": 16.654756254661333,
      "class": "unknown",
      "ai": NaN,
      "bw_gbps": NaN,
      "pct_peak_bw": NaN,
      "headroom": NaN,
      "stall": null,
      "stalls": null,
      "ncu_occ": null
    },
    {
      "kernel": "rms_norm_plain_kernel",
      "pct_time": 3.162565764992947,
      "ms": 633.930112,
      "calls": 173,
      "avg_us": 3664.3359075144513,
      "regs": 16,
      "smem": 1024,
      "occ_theory": 1.0,
      "sm_issue": 3.051003671014606,
      "warps": 95.18464422401,
      "class": "f32",
      "ai": 0.5,
      "bw_gbps": 0.008942411620289146,
      "pct_peak_bw": 0.003789157466224214,
      "headroom": 26391.091130780347,
      "stall": null,
      "stalls": null,
      "ncu_occ": null
    },
    {
      "kernel": "hc_expand_kernel",
      "pct_time": 2.5955994057523566,
      "ms": 520.282816,
      "calls": 172,
      "avg_us": 3024.900093023256,
      "regs": 40,
      "smem": 0,
      "occ_theory": 0.75,
      "sm_issue": 28.491251175917217,
      "warps": 88.22822201317027,
      "class": "unknown",
      "ai": NaN,
      "bw_gbps": NaN,
      "pct_peak_bw": NaN,
      "headroom": NaN,
      "stall": null,
      "stalls": null,
      "ncu_occ": null
    },
    {
      "kernel": "cutlass::Kernel2<cutlass_80_tensorop_s16816gemm_f16_64x256_32x4_tn_align8>",
      "pct_time": 2.1872278416903517,
      "ms": 438.425536,
      "calls": 86,
      "avg_us": 5097.971348837209,
      "regs": null,
      "smem": null,
      "occ_theory": NaN,
      "sm_issue": 8.515797788309637,
      "warps": 8.284698713608666,
      "class": "f16-tc",
      "ai": NaN,
      "bw_gbps": NaN,
      "pct_peak_bw": NaN,
      "headroom": NaN,
      "stall": null,
      "stalls": null,
      "ncu_occ": null
    },
    {
      "kernel": "head_rms_norm_rope_tail_kernel",
      "pct_time": 1.8913552967856353,
      "ms": 379.118464,
      "calls": 86,
      "avg_us": 4408.354232558139,
      "regs": 34,
      "smem": 1024,
      "occ_theory": 0.875,
      "sm_issue": 21.805095541401275,
      "warps": 94.30242038216561,
      "class": "f32",
      "ai": 0.5,
      "bw_gbps": 0.00743315946753783,
      "pct_peak_bw": 0.0031496438421770466,
      "headroom": 31749.62154796512,
      "stall": null,
      "stalls": null,
      "ncu_occ": null
    },
    {
      "kernel": "attention_decode_mixed_heads8_online_kernel",
      "pct_time": 1.8485588495920613,
      "ms": 370.54,
      "calls": 22,
      "avg_us": 16842.727272727272,
      "regs": 71,
      "smem": 9232,
      "occ_theory": 0.375,
      "sm_issue": 54.733324492772844,
      "warps": 49.92229147327941,
      "class": "unknown",
      "ai": NaN,
      "bw_gbps": NaN,
      "pct_peak_bw": NaN,
      "headroom": NaN,
      "stall": null,
      "stalls": null,
      "ncu_occ": null
    },
    {
      "kernel": "attention_pack_group_heads_f16_kernel",
      "pct_time": 1.539126760842552,
      "ms": 308.514944,
      "calls": 86,
      "avg_us": 3587.383069767442,
      "regs": 24,
      "smem": 0,
      "occ_theory": 1.0,
      "sm_issue": 23.719941822882998,
      "warps": 81.8062378797673,
      "class": "unknown",
      "ai": NaN,
      "bw_gbps": NaN,
      "pct_peak_bw": NaN,
      "headroom": NaN,
      "stall": null,
      "stalls": null,
      "ncu_occ": null
    },
    {
      "kernel": "attention_static_mixed_heads8_online_kernel",
      "pct_time": 1.5187292554320806,
      "ms": 304.426304,
      "calls": 22,
      "avg_us": 13837.559272727274,
      "regs": 70,
      "smem": 8192,
      "occ_theory": 0.375,
      "sm_issue": 52.84118868828887,
      "warps": 49.925227672152104,
      "class": "unknown",
      "ai": NaN,
      "bw_gbps": NaN,
      "pct_peak_bw": NaN,
      "headroom": NaN,
      "stall": null,
      "stalls": null,
      "ncu_occ": null
    }
  ],
  "gaps": [
    {
      "us": 13819.776,
      "prev": "dequant_q8_0_to_f16_kernel",
      "next": "attention_pack_group_heads_f16_kernel"
    },
    {
      "us": 6950.624,
      "prev": "cutlass::Kernel2<cutlass_80_wmma_tensorop_s161616gemm_f16_16x16_128x2_tn_align8>",
      "next": "cublasLt::splitKreduce_kernel<32, 16, int, float, float, float, float,"
    },
    {
      "us": 4235.104,
      "prev": "fill_f32_kernel",
      "next": "f32_to_f16_kernel"
    },
    {
      "us": 3648.992,
      "prev": "attention_pack_group_heads_f16_kernel",
      "next": "cutlass::Kernel2<cutlass_80_tensorop_s16816gemm_f16_64x256_32x4_tn_align8>"
    },
    {
      "us": 1818.656,
      "prev": "dsv4_qkv_rms_norm_rows_kernel",
      "next": "dequant_q8_0_to_f16_kernel"
    },
    {
      "us": 1086.144,
      "prev": "f32_to_f16_kernel",
      "next": "nvjet_sm121_hss_mma_128x208x64_2_32x104x64_tmaAB_bz_TNNN"
    }
  ],
  "peak_bw_gbps": 236.0,
  "has_ncu": false,