{
  "label": "prod-sampled-16k",
  "hw": "GB10 sm_121a",
  "windows": {
    "n_tokens": 96,
    "skip": 8,
    "steady_tokens": 88,
    "wall_ms": 3648.68624
  },
  "throughput": {
    "prefill_tps": 339.8,
    "decode_tps": 12.05,
    "kvcache_mb": null
  },
  "verdict_metrics": {
    "sms_active": 87.05606083850184,
    "sm_issue": 7.3833088605930435,
    "tensor_active": 0.0,
    "compute_warps": 46.2569856889259
  },
  "time_split": {
    "wall_ms": 3648.68624,
    "kernel_ms": 3468.278368,
    "idle_ms": 180.407872,
    "kernel_pct": 95.05553889445972,
    "idle_pct": 4.944461105540278,
    "trace_decode_tps": 24.118270032448716
  },
  "kernels": [
    {
      "kernel": "matmul_q8_0_preq_warp8_kernel",
      "pct_time": 15.771255417292965,
      "ms": 546.99104,
      "calls": 2068,
      "avg_us": 264.5024371373308,
      "regs": 40,
      "smem": 0,
      "occ_theory": 0.75,
      "sm_issue": 5.738728323699422,
      "warps": 68.05279383429672,
      "class": "unknown",
      "ai": NaN,
      "bw_gbps": NaN,
      "pct_peak_bw": NaN,
      "headroom": NaN,
      "stall": null,
      "stalls": null,
      "ncu_occ": null
    },
    {
      "kernel": "matmul_q8_0_hc_expand_preq_warp8_kernel",
      "pct_time": 11.791598845505355,
      "ms": 408.965472,
      "calls": 3872,
      "avg_us": 105.62124793388429,
      "regs": 40,
      "smem": 0,
      "occ_theory": 0.75,
      "sm_issue": 4.437136005481329,
      "warps": 51.450496745460775,
      "class": "unknown",
      "ai": NaN,
      "bw_gbps": NaN,
      "pct_peak_bw": NaN,
      "headroom": NaN,
      "stall": null,
      "stalls": null,
      "ncu_occ": null
    },
    {
      "kernel": "matmul_f16_ordered_chunks_kernel",
      "pct_time": 9.693463220885274,
      "ms": 336.196288,
      "calls": 7568,
      "avg_us": 44.42339957716702,
      "regs": 35,
      "smem": 128,
      "occ_theory": 0.875,
      "sm_issue": 4.119596541786744,
      "warps": 23.91004528612598,
      "class": "unknown",
      "ai": NaN,
      "bw_gbps": NaN,
      "pct_peak_bw": NaN,
      "headroom": NaN,
      "stall": null,
      "stalls": null,
      "ncu_occ": null
    },
    {
      "kernel": "grouped_q8_0_a_preq_warp8_kernel",
      "pct_time": 9.254373206066717,
      "ms": 320.967424,
      "calls": 1936,
      "avg_us": 165.78895867768594,
      "regs": 48,
      "smem": 0,
      "occ_theory": 0.625,
      "sm_issue": 5.433032768858588,
      "warps": 59.2608313173521,
      "class": "unknown",
      "ai": NaN,
      "bw_gbps": NaN,
      "pct_peak_bw": NaN,
      "headroom": NaN,
      "stall": null,
      "stalls": null,
      "ncu_occ": null
    },
    {
      "kernel": "moe_gate_up_mid_decode_lut_qwarp32_kernel",
      "pct_time": 8.817268729682311,
      "ms": 305.807424,
      "calls": 1892,
      "avg_us": 161.6318308668076,
      "regs": 40,
      "smem": 6848,
      "occ_theory": 0.75,
      "sm_issue": 17.79255319148936,
      "warps": 31.02127659574468,
      "class": "i8-dp4a",
      "ai": 6.153846191466442,
      "bw_gbps": 202.4079714035981,
      "pct_peak_bw": 85.7660895777958,
      "headroom": 1.1659619844191806,
      "stall": null,
      "stalls": null,
      "ncu_occ": null
    },
    {
      "kernel": "matmul_q8_0_pair_preq_warp8_kernel",
      "pct_time": 6.960786603158838,
      "ms": 241.419456,
      "calls": 3872,
      "avg_us": 62.35006611570248,
      "regs": 48,
      "smem": 0,
      "occ_theory": 0.625,
      "sm_issue": 4.332269297736506,
      "warps": 49.582704585026114,
      "class": "unknown",
      "ai": NaN,
      "bw_gbps": NaN,
      "pct_peak_bw": NaN,
      "headroom": NaN,
      "stall": null,
      "stalls": null,
      "ncu_occ": null
    },
    {
      "kernel": "attention_decode_mixed_kernel",
      "pct_time": 6.938498196117112,
      "ms": 240.646432,
      "calls": 1012,
      "avg_us": 237.79291699604744,
      "regs": 40,
      "smem": 34832,
      "occ_theory": 0.75,
      "sm_issue": 3.2725179856115107,
      "warps": 18.86705035971223,
      "class": "unknown",
      "ai": NaN,
      "bw_gbps": NaN,
      "pct_peak_bw": NaN,
      "headroom": NaN,
      "stall": null,
      "stalls": null,
      "ncu_occ": null
    },
    {
      "kernel": "matmul_f16_pair_ordered_chunks_kernel",
      "pct_time": 6.6239684253625635,
      "ms": 229.737664,
      "calls": 2728,
      "avg_us": 84.2146862170088,
      "regs": 38,
      "smem": 256,
      "occ_theory": 0.75,
      "sm_issue": 1.746686746987952,
      "warps": 21.639156626506026,
      "class": "unknown",
      "ai": NaN,
      "bw_gbps": NaN,
      "pct_peak_bw": NaN,
      "headroom": NaN,
      "stall": null,
      "stalls": null,
      "ncu_occ": null
    },
    {
      "kernel": "moe_down_sum6_qwarp32_kernel",
      "pct_time": 5.586390809562608,
      "ms": 193.751584,
      "calls": 1892,
      "avg_us": 102.40569978858352,
      "regs": 40,
      "smem": 0,
      "occ_theory": 0.75,
      "sm_issue": 4.940711462450593,
      "warps": 43.099532878189,
      "class": "i8-dp4a",
      "ai": 6.153846379567894,
      "bw_gbps": 159.73510296566144,
      "pct_peak_bw": 67.68436566341586,
      "headroom": 1.4774460692633942,
      "stall": null,
      "stalls": null,
      "ncu_occ": null
    },
    {
      "kernel": "attention_indexed_mixed_kernel",
      "pct_time": 4.760720521265841,
      "ms": 165.11504,
      "calls": 924,
      "avg_us": 178.69593073593074,
      "regs": 40,
      "smem": 7200,
      "occ_theory": 0.75,
      "sm_issue": 11.529579763361893,
      "warps": 24.159118727050185,
      "class": "unknown",
      "ai": NaN,
      "bw_gbps": NaN,
      "pct_peak_bw": NaN,
      "headroom": NaN,
      "stall": null,
      "stalls": null,
      "ncu_occ": null
    },
    {
      "kernel": "indexer_score_one_direct_kernel",
      "pct_time": 3.182297736488953,
      "ms": 110.370944,
      "calls": 924,
      "avg_us": 119.44907359307359,
      "regs": 28,
      "smem": 528,
      "occ_theory": 1.0,
      "sm_issue": 32.22130627774255,
      "warps": 76.12428662016487,
      "class": "unknown",
      "ai": NaN,
      "bw_gbps": NaN,
      "pct_peak_bw": NaN,
      "headroom": NaN,
      "stall": null,
      "stalls": null,
      "ncu_occ": null
    },
    {
      "kernel": "rms_norm_plain_kernel",
      "pct_time": 1.8926287060935243,
      "ms": 65.641632,
      "calls": 3960,
      "avg_us": 16.576169696969696,
      "regs": 16,
      "smem": 1024,
      "occ_theory": 1.0,
      "sm_issue": 1.0,
      "warps": 1.0764397905759162,
      "class": "f32",
      "ai": 0.5,
      "bw_gbps": 1.9768137391830842,
      "pct_peak_bw": 0.8376329403318153,
      "headroom": 119.38403468276515,
      "stall": null,
      "stalls": null,
      "ncu_occ": null
    }
  ],
  "gaps": [
    {
      "us": 405.792,
      "prev": "argmax_kernel",
      "next": "embed_token_hc_kernel"
    },
    {
      "us": 382.624,
      "prev": "argmax_kernel",
      "next": "embed_token_hc_kernel"
    },
    {
      "us": 367.264,
      "prev": "argmax_kernel",
      "next": "embed_token_hc_kernel"
    },
    {
      "us": 352.544,
      "prev": "argmax_kernel",
      "next": "embed_token_hc_kernel"
    },
    {
      "us": 350.24,
      "prev": "argmax_kernel",
      "next": "embed_token_hc_kernel"
    },
    {
      "us": 337.792,
      "prev": "argmax_kernel",
      "next": "embed_token_hc_kernel"
    }
  ],
  "peak_bw_gbps": 236.0,
  "has_ncu": false,
  "verdict": "memory-latency-bound at moderate occupancy (not compute/tensor-bound)"
}