{
  "label": "prod-greedy-16k",
  "hw": "GB10 sm_121a",
  "windows": {
    "n_tokens": 39,
    "skip": 8,
    "steady_tokens": 31,
    "wall_ms": 2085.884192
  },
  "throughput": {
    "prefill_tps": 351.77,
    "decode_tps": 16.86,
    "kvcache_mb": null,
    "accept_pct": 56.81818181818182,
    "tokens_per_iter": 2.1363636363636367,
    "iters": 22
  },
  "verdict_metrics": {
    "sms_active": 89.65145228215768,
    "sm_issue": 8.916607630806599,
    "tensor_active": 1.1544378099382653,
    "compute_warps": 37.36089464629086
  },
  "time_split": {
    "wall_ms": 2085.884192,
    "kernel_ms": 1943.12704,
    "idle_ms": 142.757152,
    "kernel_pct": 93.15603653608781,
    "idle_pct": 6.84396346391219,
    "trace_decode_tps": 14.861803027653417
  },
  "kernels": [
    {
      "kernel": "matmul_q8_0_preq_batch_share_warp_kernel<3>",
      "pct_time": 20.982488926714744,
      "ms": 407.716416,
      "calls": 4530,
      "avg_us": 90.00362384105959,
      "regs": 48,
      "smem": 0,
      "occ_theory": 0.625,
      "sm_issue": 6.671324422843257,
      "warps": 57.56014580801944,
      "class": "i8-dp4a",
      "ai": 1.8823529411764706,
      "bw_gbps": 198.0563808350557,
      "pct_peak_bw": 83.9221952690914,
      "headroom": 1.1915798875298256,
      "stall": null,
      "stalls": null,
      "ncu_occ": null
    },
    {
      "kernel": "moe_gate_up_mid_expert_tile8_row32_kernel",
      "pct_time": 15.347161655472615,
      "ms": 298.214848,
      "calls": 688,
      "avg_us": 433.45181395348834,
      "regs": 96,
      "smem": 39552,
      "occ_theory": 0.25,
      "sm_issue": 19.289329882082257,
      "warps": 30.779695139488066,
      "class": "i8-dp4a",
      "ai": 6.153846191466442,
      "bw_gbps": 75.47683490260015,
      "pct_peak_bw": 31.98170970449159,
      "headroom": 3.1267871831741303,
      "stall": null,
      "stalls": null,
      "ncu_occ": null
    },
    {
      "kernel": "moe_down_expert_tile8_row32_kernel",
      "pct_time": 15.144453344645958,
      "ms": 294.275968,
      "calls": 688,
      "avg_us": 427.72669767441863,
      "regs": 128,
      "smem": 18688,
      "occ_theory": 0.25,
      "sm_issue": 7.120594232449752,
      "warps": 30.883775123798426,
      "class": "i8-dp4a",
      "ai": 6.153846379567894,
      "bw_gbps": 38.24354450853425,
      "pct_peak_bw": 16.204891740904344,
      "headroom": 6.170976122449512,
      "stall": null,
      "stalls": null,
      "ncu_occ": null
    },
    {
      "kernel": "cutlass::Kernel2<cutlass_80_wmma_tensorop_s161616gemm_f16_32x32_128x2_tn_align8>",
      "pct_time": 11.376624762527106,
      "ms": 221.062272,
      "calls": 688,
      "avg_us": 321.3114418604651,
      "regs": null,
      "smem": null,
      "occ_theory": NaN,
      "sm_issue": 3.29253849190683,
      "warps": 18.213975523095144,
      "class": "f16-tc",
      "ai": NaN,
      "bw_gbps": NaN,
      "pct_peak_bw": NaN,
      "headroom": NaN,
      "stall": null,
      "stalls": null,
      "ncu_occ": null
    },
    {
      "kernel": "indexer_scores_wmma128_kernel",
      "pct_time": 5.027162814840969,
      "ms": 97.68416,
      "calls": 336,
      "avg_us": 290.7266666666667,
      "regs": 48,
      "smem": 45056,
      "occ_theory": 0.625,
      "sm_issue": 11.393472348141433,
      "warps": 19.736174070716228,
      "class": "f16-tc",
      "ai": NaN,
      "bw_gbps": NaN,
      "pct_peak_bw": NaN,
      "headroom": NaN,
      "stall": null,
      "stalls": null,
      "ncu_occ": null
    },
    {
      "kernel": "cutlass::Kernel2<cutlass_80_wmma_tensorop_s161616gemm_f16_16x16_128x2_tn_align8>",
      "pct_time": 4.992462458862185,
      "ms": 97.009888,
      "calls": 4384,
      "avg_us": 22.128167883211677,
      "regs": null,
      "smem": null,
      "occ_theory": NaN,
      "sm_issue": 1.9891402714932127,
      "warps": 5.914932126696833,
      "class": "f16-tc",
      "ai": NaN,
      "bw_gbps": NaN,
      "pct_peak_bw": NaN,
      "headroom": NaN,
      "stall": null,
      "stalls": null,
      "ncu_occ": null
    },
    {
      "kernel": "matmul_q8_0_preq_warp8_kernel",
      "pct_time": 4.427232508688675,
      "ms": 86.026752,
      "calls": 93,
      "avg_us": 925.0188387096774,
      "regs": 40,
      "smem": 0,
      "occ_theory": 0.75,
      "sm_issue": 5.608163265306122,
      "warps": 73.2530612244898,
      "class": "unknown",
      "ai": NaN,
      "bw_gbps": NaN,
      "pct_peak_bw": NaN,
      "headroom": NaN,
      "stall": null,
      "stalls": null,
      "ncu_occ": null
    },
    {
      "kernel": "attention_indexed_mixed_heads8_online_kernel<8, 16>",
      "pct_time": 4.310042435516722,
      "ms": 83.7496,
      "calls": 336,
      "avg_us": 249.2547619047619,
      "regs": null,
      "smem": null,
      "occ_theory": NaN,
      "sm_issue": 9.019607843137255,
      "warps": 8.408668730650154,
      "class": "unknown",
      "ai": NaN,
      "bw_gbps": NaN,
      "pct_peak_bw": NaN,
      "headroom": NaN,
      "stall": null,
      "stalls": null,
      "ncu_occ": null
    },
    {
      "kernel": "attention_decode_mixed_kernel",
      "pct_time": 4.254140789477151,
      "ms": 82.66336,
      "calls": 383,
      "avg_us": 215.83122715404699,
      "regs": 40,
      "smem": 34832,
      "occ_theory": 0.75,
      "sm_issue": 15.25077720207254,
      "warps": 29.98134715025907,
      "class": "unknown",
      "ai": NaN,
      "bw_gbps": NaN,
      "pct_peak_bw": NaN,
      "headroom": NaN,
      "stall": null,
      "stalls": null,
      "ncu_occ": null
    },
    {
      "kernel": "compressor_update_pool_kernel",
      "pct_time": 1.6893232055481047,
      "ms": 32.825696,
      "calls": 440,
      "avg_us": 74.60385454545454,
      "regs": 48,
      "smem": 0,
      "occ_theory": 0.625,
      "sm_issue": 1.6666666666666667,
      "warps": 5.466666666666667,
      "class": "unknown",
      "ai": NaN,
      "bw_gbps": NaN,
      "pct_peak_bw": NaN,
      "headroom": NaN,
      "stall": null,
      "stalls": null,
      "ncu_occ": null
    },
    {
      "kernel": "matmul_q8_0_preq_batch_share_warp_kernel<2>",
      "pct_time": 1.3639721672546947,
      "ms": 26.503712,
      "calls": 302,
      "avg_us": 87.76063576158941,
      "regs": 48,
      "smem": 0,
      "occ_theory": 0.625,
      "sm_issue": NaN,
      "warps": NaN,
      "class": "i8-dp4a",
      "ai": 1.8823529411764706,
      "bw_gbps": 203.11830976732617,
      "pct_peak_bw": 86.06708040988397,
      "headroom": 1.1618844222873856,
      "stall": null,
      "stalls": null,
      "ncu_occ": null
    },
    {
      "kernel": "rms_norm_plain_kernel",
      "pct_time": 1.2748490186210368,
      "ms": 24.771936,
      "calls": 1485,
      "avg_us": 16.681438383838383,
      "regs": 16,
      "smem": 1024,
      "occ_theory": 1.0,
      "sm_issue": 1.0101010101010102,
      "warps": 2.04040404040404,
      "class": "f32",
      "ai": 0.5,
      "bw_gbps": 1.9643390003914105,
      "pct_peak_bw": 0.8323470340641571,
      "headroom": 120.14219539141413,
      "stall": null,
      "stalls": null,
      "ncu_occ": null
    }
  ],
  "gaps": [
    {
      "us": 1618.816,
      "prev": "argmax_kernel",
      "next": "rms_norm_plain_kernel"
    },
    {
      "us": 1470.176,
      "prev": "argmax_kernel",
      "next": "rms_norm_plain_kernel"
    },
    {
      "us": 1150.88,
      "prev": "argmax_kernel",
      "next": "rms_norm_plain_kernel"
    },
    {
      "us": 665.568,
      "prev": "argmax_kernel",
      "next": "embed_token_hc_kernel"
    },
    {
      "us": 662.72,
      "prev": "argmax_kernel",
      "next": "embed_token_hc_kernel"
    },
    {
      "us": 655.168,
      "prev": "argmax_kernel",
      "next": "embed_token_hc_kernel"
    }
  ],
  "peak_bw_gbps": 236.0,
  "has_ncu": false,
  "verdict": "memory-latency-bound at moderate occupancy (not compute/tensor-bound). top lever: moe_gate_up_mid_expert_tile8_row32_kernel occupancy-starved (96 regs \u2192 25% occ, 32% of peak BW)"
}