{
  "label": "verify-squeeze",
  "hw": "GB10 sm_121a",
  "phase": "decode",
  "windows": {
    "n_tokens": 165,
    "skip": 8,
    "steady_tokens": 157,
    "wall_ms": 9498.543136
  },
  "throughput": {
    "prefill_tps": 4.71,
    "decode_tps": 20.03,
    "kvcache_mb": null,
    "accept_pct": 73.2919254658385,
    "tokens_per_iter": 2.4567901234567904,
    "iters": 81,
    "drafted": 161,
    "committed": 118,
    "combined_total_ms": 119.6399375,
    "combined_steps": 80,
    "combined_accept_pct": 73.58490566037736,
    "combined_tokens_per_iter": 2.4625
  },
  "verdict_metrics": {
    "sms_active": 91.41244305729268,
    "sm_issue": 8.241523138532857,
    "tensor_active": 0.10346073965277858,
    "compute_warps": 45.230851759630056
  },
  "time_split": {
    "wall_ms": 9498.543136,
    "kernel_ms": 8699.050368,
    "idle_ms": 799.492768,
    "kernel_pct": 91.5829958704943,
    "idle_pct": 8.417004129505697,
    "trace_decode_tps": 16.528850556561814
  },
  "kernels": [
    {
      "kernel": "matmul_q8_0_preq_batch_share_warp_kernel<3>",
      "pct_time": 23.43905242232528,
      "ms": 2038.974976,
      "calls": 23254,
      "avg_us": 87.68276322353144,
      "regs": 48,
      "smem": 0,
      "occ_theory": 0.625,
      "sm_issue": 6.651526433358153,
      "warps": 57.137727283645184,
      "class": "i8-dp4a",
      "ai": 1.8823529411764706,
      "bw_gbps": 203.29870255749523,
      "pct_peak_bw": 86.14351803283697,
      "headroom": 1.1608534487978666,
      "stall": null,
      "stalls": null,
      "ncu_occ": null
    },
    {
      "kernel": "moe_gate_up_mid_expert_tile8_row32_kernel",
      "pct_time": 18.78504851530939,
      "ms": 1634.120832,
      "calls": 3354,
      "avg_us": 487.2155134168157,
      "regs": 96,
      "smem": 39552,
      "occ_theory": 0.25,
      "sm_issue": 15.471765216134163,
      "warps": 30.83978603440798,
      "class": "i8-dp4a",
      "ai": 6.153846191466442,
      "bw_gbps": 67.1480486542136,
      "pct_peak_bw": 28.45256298907356,
      "headroom": 3.514621865116416,
      "stall": null,
      "stalls": null,
      "ncu_occ": null
    },
    {
      "kernel": "grouped_q8_0_a_preq_warp8_kernel",
      "pct_time": 18.43033319933066,
      "ms": 1603.263968,
      "calls": 3553,
      "avg_us": 451.24232141851957,
      "regs": 48,
      "smem": 0,
      "occ_theory": 0.625,
      "sm_issue": 5.833135554541306,
      "warps": 61.395557584055986,
      "class": "unknown",
      "ai": NaN,
      "bw_gbps": NaN,
      "pct_peak_bw": NaN,
      "headroom": NaN,
      "stall": null,
      "stalls": null,
      "ncu_occ": null
    },
    {
      "kernel": "moe_down_expert_tile8_row32_kernel",
      "pct_time": 14.640813170654354,
      "ms": 1273.611712,
      "calls": 3354,
      "avg_us": 379.72919260584376,
      "regs": 128,
      "smem": 18688,
      "occ_theory": 0.25,
      "sm_issue": 7.449199837380346,
      "warps": 30.924566655578964,
      "class": "i8-dp4a",
      "ai": 6.153846379567894,
      "bw_gbps": 43.0775018579603,
      "pct_peak_bw": 18.253178753373007,
      "headroom": 5.478497819538473,
      "stall": null,
      "stalls": null,
      "ncu_occ": null
    },
    {
      "kernel": "cutlass::Kernel2<cutlass_80_wmma_tensorop_s161616gemm_f16_16x16_128x2_tn_align8>",
      "pct_time": 5.5373242322167,
      "ms": 481.694624,
      "calls": 21372,
      "avg_us": 22.538584315927384,
      "regs": null,
      "smem": null,
      "occ_theory": NaN,
      "sm_issue": 1.8974434902773665,
      "warps": 6.057842266311321,
      "class": "f16-tc",
      "ai": NaN,
      "bw_gbps": NaN,
      "pct_peak_bw": NaN,
      "headroom": NaN,
      "stall": null,
      "stalls": null,
      "ncu_occ": null
    },
    {
      "kernel": "matmul_q8_0_preq_warp8_kernel",
      "pct_time": 4.945174263876615,
      "ms": 430.1832,
      "calls": 512,
      "avg_us": 840.2015625,
      "regs": 40,
      "smem": 0,
      "occ_theory": 0.75,
      "sm_issue": 5.4319079318515175,
      "warps": 73.11045921245628,
      "class": "unknown",
      "ai": NaN,
      "bw_gbps": NaN,
      "pct_peak_bw": NaN,
      "headroom": NaN,
      "stall": null,
      "stalls": null,
      "ncu_occ": null
    },
    {
      "kernel": "attention_decode_mixed_kernel",
      "pct_time": 3.756021935473865,
      "ms": 326.73824,
      "calls": 3553,
      "avg_us": 91.96122713200113,
      "regs": 40,
      "smem": 34832,
      "occ_theory": 0.75,
      "sm_issue": 12.3796590580757,
      "warps": 33.47211788500434,
      "class": "unknown",
      "ai": NaN,
      "bw_gbps": NaN,
      "pct_peak_bw": NaN,
      "headroom": NaN,
      "stall": null,
      "stalls": null,
      "ncu_occ": null
    },
    {
      "kernel": "rms_norm_plain_kernel",
      "pct_time": 1.3975995408330069,
      "ms": 121.577888,
      "calls": 7341,
      "avg_us": 16.561488625527858,
      "regs": 16,
      "smem": 1024,
      "occ_theory": 1.0,
      "sm_issue": 1.0101275318829708,
      "warps": 2.190547636909227,
      "class": "f32",
      "ai": 0.5,
      "bw_gbps": 1.978566102414939,
      "pct_peak_bw": 0.8383754671249742,
      "headroom": 119.27829942701949,
      "stall": null,
      "stalls": null,
      "ncu_occ": null
    },
    {
      "kernel": "rms_norm_weight_kernel",
      "pct_time": 0.9759399061798834,
      "ms": 84.897504,
      "calls": 9669,
      "avg_us": 8.780381011479987,
      "regs": 18,
      "smem": 1024,
      "occ_theory": 1.0,
      "sm_issue": 2.5994594594594593,
      "warps": 15.476756756756757,
      "class": "f32",
      "ai": 0.5,
      "bw_gbps": 3.7319565013360108,
      "pct_peak_bw": 1.5813375005661063,
      "headroom": 63.23760738248526,
      "stall": null,
      "stalls": null,
      "ncu_occ": null
    },
    {
      "kernel": "moe_gate_up_mid_q4K_qwarp32_kernel",
      "pct_time": 0.7589297360877173,
      "ms": 66.01968,
      "calls": 156,
      "avg_us": 423.20307692307694,
      "regs": 96,
      "smem": 0,
      "occ_theory": 0.25,
      "sm_issue": 1.968888888888889,
      "warps": 26.342962962962964,
      "class": "i8-dp4a",
      "ai": 6.153846191466442,
      "bw_gbps": 77.3046624279306,
      "pct_peak_bw": 32.756212893190934,
      "headroom": 3.0528559673877056,
      "stall": null,
      "stalls": null,
      "ncu_occ": null
    },
    {
      "kernel": "moe_build_expert_tile_offsets_kernel",
      "pct_time": 0.6178910769125461,
      "ms": 53.750656,
      "calls": 3354,
      "avg_us": 16.025836612999402,
      "regs": 14,
      "smem": 0,
      "occ_theory": 1.0,
      "sm_issue": 6.050326188257222,
      "warps": 23.16216216216216,
      "class": "unknown",
      "ai": NaN,
      "bw_gbps": NaN,
      "pct_peak_bw": NaN,
      "headroom": NaN,
      "stall": null,
      "stalls": null,
      "ncu_occ": null
    },
    {
      "kernel": "quantize_q8_0_f32_kernel",
      "pct_time": 0.5198805626687918,
      "ms": 45.224672,
      "calls": 28573,
      "avg_us": 1.5827764672942988,
      "regs": 20,
      "smem": 128,
      "occ_theory": 1.0,
      "sm_issue": 5.455921638468388,
      "warps": 59.653606411398044,
      "class": "f32",
      "ai": 0.5,
      "bw_gbps": 20.702860244072085,
      "pct_peak_bw": 8.77239840850512,
      "headroom": 11.399391060835404,
      "stall": null,
      "stalls": null,
      "ncu_occ": null
    }
  ],
  "gaps": [
    {
      "us": 10843.552,
      "prev": "argmax_kernel",
      "next": "embed_token_hc_kernel"
    },
    {
      "us": 10789.28,
      "prev": "argmax_kernel",
      "next": "embed_token_hc_kernel"
    },
    {
      "us": 10772.736,
      "prev": "argmax_kernel",
      "next": "embed_token_hc_kernel"
    },
    {
      "us": 10532.608,
      "prev": "argmax_kernel",
      "next": "embed_token_hc_kernel"
    },
    {
      "us": 10432.192,
      "prev": "argmax_kernel",
      "next": "embed_token_hc_kernel"
    },
    {
      "us": 10409.088,
      "prev": "argmax_kernel",
      "next": "embed_token_hc_kernel"
    }
  ],
  "peak_bw_gbps": 236.0,